

============================== 07:28:49.899589 | 8bb5d2c7-0a95-47dc-a664-84813309614b ==============================
[0m07:28:49.899589 [info ] [Dummy-1   ]: Running with dbt=1.9.4
[0m07:28:49.900499 [debug] [Dummy-1   ]: running dbt with arguments {'printer_width': '80', 'indirect_selection': 'eager', 'log_cache_events': 'False', 'write_json': 'True', 'partial_parse': 'True', 'cache_selected_only': 'False', 'warn_error': 'None', 'fail_fast': 'False', 'version_check': 'True', 'log_path': '/tmp/dbt/logs', 'debug': 'False', 'profiles_dir': '/tmp/dbt/', 'use_colors': 'True', 'use_experimental_parser': 'False', 'no_print': 'None', 'quiet': 'False', 'empty': 'False', 'log_format': 'default', 'invocation_command': 'dbt ', 'warn_error_options': 'WarnErrorOptions(include=[], exclude=[])', 'introspect': 'True', 'target_path': 'None', 'static_parser': 'True', 'send_anonymous_usage_stats': 'False'}
[0m07:28:50.191520 [info ] [Dummy-1   ]: Registered adapter: snowflake=1.9.2
[0m07:28:50.731260 [error] [Dummy-1   ]: Encountered an error:
Compilation Error
  dbt found 2 package(s) specified in packages.yml, but only 0 package(s) installed in dbt_packages. Run "dbt deps" to install package dependencies.
[0m07:28:50.733485 [debug] [Dummy-1   ]: Resource report: {"command_name": "compile", "command_success": false, "command_wall_clock_time": 0.9096203, "process_in_blocks": "0", "process_kernel_time": 0.7, "process_mem_max_rss": "399272", "process_out_blocks": "0", "process_user_time": 3.44}
[0m07:28:50.734251 [debug] [Dummy-1   ]: Command `cli compile` failed at 07:28:50.733987 after 0.91 seconds
[0m07:28:50.734907 [debug] [Dummy-1   ]: Flushing usage events


============================== 09:44:57.730924 | 14d8837c-ccde-4699-b40d-71ef2ffbfa57 ==============================
[0m09:44:57.730924 [info ] [Dummy-1   ]: Running with dbt=1.9.4
[0m09:44:57.731895 [debug] [Dummy-1   ]: running dbt with arguments {'printer_width': '80', 'indirect_selection': 'eager', 'write_json': 'True', 'log_cache_events': 'False', 'partial_parse': 'True', 'cache_selected_only': 'False', 'profiles_dir': '/tmp/dbt_effective_profiles_cpr_c37i', 'fail_fast': 'False', 'version_check': 'True', 'log_path': '/tmp/dbt/logs', 'warn_error': 'None', 'debug': 'False', 'use_colors': 'True', 'use_experimental_parser': 'False', 'no_print': 'None', 'quiet': 'False', 'empty': 'None', 'log_format': 'default', 'introspect': 'True', 'invocation_command': 'dbt ', 'static_parser': 'True', 'target_path': 'None', 'warn_error_options': 'WarnErrorOptions(include=[], exclude=[])', 'send_anonymous_usage_stats': 'False'}
[0m09:44:57.928184 [debug] [Dummy-1   ]: Set downloads directory='/tmp/dbt-downloads-p20m0iu6'
[0m09:44:57.928896 [debug] [Dummy-1   ]: Making package index registry request: GET https://hub.getdbt.com/api/v1/index.json
[0m09:44:57.932994 [debug] [Dummy-1   ]: External call exception: HTTPSConnectionPool(host='hub.getdbt.com', port=443): Max retries exceeded with url: /api/v1/index.json (Caused by NewConnectionError('<urllib3.connection.HTTPSConnection object at 0xef7c26a2c890>: Failed to establish a new connection: [Errno 16] Device or resource busy'))
[0m09:44:57.933582 [debug] [Dummy-1   ]: Retrying external call. Attempt: 0 Max attempts: 5
[0m09:44:58.935177 [debug] [Dummy-1   ]: Making package index registry request: GET https://hub.getdbt.com/api/v1/index.json
[0m09:44:58.937191 [debug] [Dummy-1   ]: External call exception: HTTPSConnectionPool(host='hub.getdbt.com', port=443): Max retries exceeded with url: /api/v1/index.json (Caused by NewConnectionError('<urllib3.connection.HTTPSConnection object at 0xef7c25b53090>: Failed to establish a new connection: [Errno 16] Device or resource busy'))
[0m09:44:58.937704 [debug] [Dummy-1   ]: Retrying external call. Attempt: 1 Max attempts: 5
[0m09:44:59.938876 [debug] [Dummy-1   ]: Making package index registry request: GET https://hub.getdbt.com/api/v1/index.json
[0m09:44:59.941025 [debug] [Dummy-1   ]: External call exception: HTTPSConnectionPool(host='hub.getdbt.com', port=443): Max retries exceeded with url: /api/v1/index.json (Caused by NewConnectionError('<urllib3.connection.HTTPSConnection object at 0xef7c25b6ced0>: Failed to establish a new connection: [Errno 16] Device or resource busy'))
[0m09:44:59.941563 [debug] [Dummy-1   ]: Retrying external call. Attempt: 2 Max attempts: 5
[0m09:45:00.942764 [debug] [Dummy-1   ]: Making package index registry request: GET https://hub.getdbt.com/api/v1/index.json
[0m09:45:00.944715 [debug] [Dummy-1   ]: External call exception: HTTPSConnectionPool(host='hub.getdbt.com', port=443): Max retries exceeded with url: /api/v1/index.json (Caused by NewConnectionError('<urllib3.connection.HTTPSConnection object at 0xef7c25b6e790>: Failed to establish a new connection: [Errno 16] Device or resource busy'))
[0m09:45:00.945268 [debug] [Dummy-1   ]: Retrying external call. Attempt: 3 Max attempts: 5
[0m09:45:01.946318 [debug] [Dummy-1   ]: Making package index registry request: GET https://hub.getdbt.com/api/v1/index.json
[0m09:45:01.948276 [debug] [Dummy-1   ]: External call exception: HTTPSConnectionPool(host='hub.getdbt.com', port=443): Max retries exceeded with url: /api/v1/index.json (Caused by NewConnectionError('<urllib3.connection.HTTPSConnection object at 0xef7c25b7c610>: Failed to establish a new connection: [Errno 16] Device or resource busy'))
[0m09:45:01.948859 [debug] [Dummy-1   ]: Retrying external call. Attempt: 4 Max attempts: 5
[0m09:45:02.950004 [debug] [Dummy-1   ]: Making package index registry request: GET https://hub.getdbt.com/api/v1/index.json
[0m09:45:02.952201 [error] [Dummy-1   ]: Encountered an error:
External connection exception occurred: HTTPSConnectionPool(host='hub.getdbt.com', port=443): Max retries exceeded with url: /api/v1/index.json (Caused by NewConnectionError('<urllib3.connection.HTTPSConnection object at 0xef7c25b7e410>: Failed to establish a new connection: [Errno 16] Device or resource busy'))
[0m09:45:02.969758 [error] [Dummy-1   ]: Traceback (most recent call last):
  File "/usr/lib/python_udf/7572a8db11e712fed6beb756e6c14cdfd320d48237f422b7a5b1ae764f1db134/lib/python3.11/site-packages/urllib3/connection.py", line 198, in _new_conn
    sock = connection.create_connection(
           ^^^^^^^^^^^^^^^^^^^^^^^^^^^^^
  File "/usr/lib/python_udf/7572a8db11e712fed6beb756e6c14cdfd320d48237f422b7a5b1ae764f1db134/lib/python3.11/site-packages/urllib3/util/connection.py", line 60, in create_connection
    for res in socket.getaddrinfo(host, port, family, socket.SOCK_STREAM):
               ^^^^^^^^^^^^^^^^^^^^^^^^^^^^^^^^^^^^^^^^^^^^^^^^^^^^^^^^^^
  File "/usr/lib/python_udf/7572a8db11e712fed6beb756e6c14cdfd320d48237f422b7a5b1ae764f1db134/lib/python3.11/socket.py", line 974, in getaddrinfo
    for res in _socket.getaddrinfo(host, port, family, type, proto, flags):
               ^^^^^^^^^^^^^^^^^^^^^^^^^^^^^^^^^^^^^^^^^^^^^^^^^^^^^^^^^^^
OSError: [Errno 16] Device or resource busy

The above exception was the direct cause of the following exception:

Traceback (most recent call last):
  File "/usr/lib/python_udf/7572a8db11e712fed6beb756e6c14cdfd320d48237f422b7a5b1ae764f1db134/lib/python3.11/site-packages/urllib3/connectionpool.py", line 787, in urlopen
    response = self._make_request(
               ^^^^^^^^^^^^^^^^^^^
  File "/usr/lib/python_udf/7572a8db11e712fed6beb756e6c14cdfd320d48237f422b7a5b1ae764f1db134/lib/python3.11/site-packages/urllib3/connectionpool.py", line 488, in _make_request
    raise new_e
  File "/usr/lib/python_udf/7572a8db11e712fed6beb756e6c14cdfd320d48237f422b7a5b1ae764f1db134/lib/python3.11/site-packages/urllib3/connectionpool.py", line 464, in _make_request
    self._validate_conn(conn)
  File "/usr/lib/python_udf/7572a8db11e712fed6beb756e6c14cdfd320d48237f422b7a5b1ae764f1db134/lib/python3.11/site-packages/urllib3/connectionpool.py", line 1093, in _validate_conn
    conn.connect()
  File "/usr/lib/python_udf/7572a8db11e712fed6beb756e6c14cdfd320d48237f422b7a5b1ae764f1db134/lib/python3.11/site-packages/urllib3/connection.py", line 704, in connect
    self.sock = sock = self._new_conn()
                       ^^^^^^^^^^^^^^^^
  File "/usr/lib/python_udf/7572a8db11e712fed6beb756e6c14cdfd320d48237f422b7a5b1ae764f1db134/lib/python3.11/site-packages/urllib3/connection.py", line 213, in _new_conn
    raise NewConnectionError(
urllib3.exceptions.NewConnectionError: <urllib3.connection.HTTPSConnection object at 0xef7c26a2c890>: Failed to establish a new connection: [Errno 16] Device or resource busy

The above exception was the direct cause of the following exception:

Traceback (most recent call last):
  File "/usr/lib/python_udf/7572a8db11e712fed6beb756e6c14cdfd320d48237f422b7a5b1ae764f1db134/lib/python3.11/site-packages/requests/adapters.py", line 667, in send
    resp = conn.urlopen(
           ^^^^^^^^^^^^^
  File "/usr/lib/python_udf/7572a8db11e712fed6beb756e6c14cdfd320d48237f422b7a5b1ae764f1db134/lib/python3.11/site-packages/urllib3/connectionpool.py", line 841, in urlopen
    retries = retries.increment(
              ^^^^^^^^^^^^^^^^^^
  File "/usr/lib/python_udf/7572a8db11e712fed6beb756e6c14cdfd320d48237f422b7a5b1ae764f1db134/lib/python3.11/site-packages/urllib3/util/retry.py", line 519, in increment
    raise MaxRetryError(_pool, url, reason) from reason  # type: ignore[arg-type]
    ^^^^^^^^^^^^^^^^^^^^^^^^^^^^^^^^^^^^^^^^^^^^^^^^^^^
urllib3.exceptions.MaxRetryError: HTTPSConnectionPool(host='hub.getdbt.com', port=443): Max retries exceeded with url: /api/v1/index.json (Caused by NewConnectionError('<urllib3.connection.HTTPSConnection object at 0xef7c26a2c890>: Failed to establish a new connection: [Errno 16] Device or resource busy'))

During handling of the above exception, another exception occurred:

Traceback (most recent call last):
  File "/usr/lib/python_udf/7572a8db11e712fed6beb756e6c14cdfd320d48237f422b7a5b1ae764f1db134/lib/python3.11/site-packages/dbt_common/utils/connection.py", line 21, in connection_exception_retry
    return fn()
           ^^^^
  File "/usr/lib/python_udf/7572a8db11e712fed6beb756e6c14cdfd320d48237f422b7a5b1ae764f1db134/lib/python3.11/site-packages/dbt/clients/registry.py", line 168, in _get_index
    resp = requests.get(url, timeout=30)
           ^^^^^^^^^^^^^^^^^^^^^^^^^^^^^
  File "/usr/lib/python_udf/7572a8db11e712fed6beb756e6c14cdfd320d48237f422b7a5b1ae764f1db134/lib/python3.11/site-packages/requests/api.py", line 73, in get
    return request("get", url, params=params, **kwargs)
           ^^^^^^^^^^^^^^^^^^^^^^^^^^^^^^^^^^^^^^^^^^^^
  File "/usr/lib/python_udf/7572a8db11e712fed6beb756e6c14cdfd320d48237f422b7a5b1ae764f1db134/lib/python3.11/site-packages/requests/api.py", line 59, in request
    return session.request(method=method, url=url, **kwargs)
           ^^^^^^^^^^^^^^^^^^^^^^^^^^^^^^^^^^^^^^^^^^^^^^^^^
  File "/usr/lib/python_udf/7572a8db11e712fed6beb756e6c14cdfd320d48237f422b7a5b1ae764f1db134/lib/python3.11/site-packages/requests/sessions.py", line 589, in request
    resp = self.send(prep, **send_kwargs)
           ^^^^^^^^^^^^^^^^^^^^^^^^^^^^^^
  File "/usr/lib/python_udf/7572a8db11e712fed6beb756e6c14cdfd320d48237f422b7a5b1ae764f1db134/lib/python3.11/site-packages/requests/sessions.py", line 703, in send
    r = adapter.send(request, **kwargs)
        ^^^^^^^^^^^^^^^^^^^^^^^^^^^^^^^
  File "/usr/lib/python_udf/7572a8db11e712fed6beb756e6c14cdfd320d48237f422b7a5b1ae764f1db134/lib/python3.11/site-packages/requests/adapters.py", line 700, in send
    raise ConnectionError(e, request=request)
requests.exceptions.ConnectionError: HTTPSConnectionPool(host='hub.getdbt.com', port=443): Max retries exceeded with url: /api/v1/index.json (Caused by NewConnectionError('<urllib3.connection.HTTPSConnection object at 0xef7c26a2c890>: Failed to establish a new connection: [Errno 16] Device or resource busy'))

During handling of the above exception, another exception occurred:

Traceback (most recent call last):
  File "/usr/lib/python_udf/7572a8db11e712fed6beb756e6c14cdfd320d48237f422b7a5b1ae764f1db134/lib/python3.11/site-packages/urllib3/connection.py", line 198, in _new_conn
    sock = connection.create_connection(
           ^^^^^^^^^^^^^^^^^^^^^^^^^^^^^
  File "/usr/lib/python_udf/7572a8db11e712fed6beb756e6c14cdfd320d48237f422b7a5b1ae764f1db134/lib/python3.11/site-packages/urllib3/util/connection.py", line 60, in create_connection
    for res in socket.getaddrinfo(host, port, family, socket.SOCK_STREAM):
               ^^^^^^^^^^^^^^^^^^^^^^^^^^^^^^^^^^^^^^^^^^^^^^^^^^^^^^^^^^
  File "/usr/lib/python_udf/7572a8db11e712fed6beb756e6c14cdfd320d48237f422b7a5b1ae764f1db134/lib/python3.11/socket.py", line 974, in getaddrinfo
    for res in _socket.getaddrinfo(host, port, family, type, proto, flags):
               ^^^^^^^^^^^^^^^^^^^^^^^^^^^^^^^^^^^^^^^^^^^^^^^^^^^^^^^^^^^
OSError: [Errno 16] Device or resource busy

The above exception was the direct cause of the following exception:

Traceback (most recent call last):
  File "/usr/lib/python_udf/7572a8db11e712fed6beb756e6c14cdfd320d48237f422b7a5b1ae764f1db134/lib/python3.11/site-packages/urllib3/connectionpool.py", line 787, in urlopen
    response = self._make_request(
               ^^^^^^^^^^^^^^^^^^^
  File "/usr/lib/python_udf/7572a8db11e712fed6beb756e6c14cdfd320d48237f422b7a5b1ae764f1db134/lib/python3.11/site-packages/urllib3/connectionpool.py", line 488, in _make_request
    raise new_e
  File "/usr/lib/python_udf/7572a8db11e712fed6beb756e6c14cdfd320d48237f422b7a5b1ae764f1db134/lib/python3.11/site-packages/urllib3/connectionpool.py", line 464, in _make_request
    self._validate_conn(conn)
  File "/usr/lib/python_udf/7572a8db11e712fed6beb756e6c14cdfd320d48237f422b7a5b1ae764f1db134/lib/python3.11/site-packages/urllib3/connectionpool.py", line 1093, in _validate_conn
    conn.connect()
  File "/usr/lib/python_udf/7572a8db11e712fed6beb756e6c14cdfd320d48237f422b7a5b1ae764f1db134/lib/python3.11/site-packages/urllib3/connection.py", line 704, in connect
    self.sock = sock = self._new_conn()
                       ^^^^^^^^^^^^^^^^
  File "/usr/lib/python_udf/7572a8db11e712fed6beb756e6c14cdfd320d48237f422b7a5b1ae764f1db134/lib/python3.11/site-packages/urllib3/connection.py", line 213, in _new_conn
    raise NewConnectionError(
urllib3.exceptions.NewConnectionError: <urllib3.connection.HTTPSConnection object at 0xef7c25b53090>: Failed to establish a new connection: [Errno 16] Device or resource busy

The above exception was the direct cause of the following exception:

Traceback (most recent call last):
  File "/usr/lib/python_udf/7572a8db11e712fed6beb756e6c14cdfd320d48237f422b7a5b1ae764f1db134/lib/python3.11/site-packages/requests/adapters.py", line 667, in send
    resp = conn.urlopen(
           ^^^^^^^^^^^^^
  File "/usr/lib/python_udf/7572a8db11e712fed6beb756e6c14cdfd320d48237f422b7a5b1ae764f1db134/lib/python3.11/site-packages/urllib3/connectionpool.py", line 841, in urlopen
    retries = retries.increment(
              ^^^^^^^^^^^^^^^^^^
  File "/usr/lib/python_udf/7572a8db11e712fed6beb756e6c14cdfd320d48237f422b7a5b1ae764f1db134/lib/python3.11/site-packages/urllib3/util/retry.py", line 519, in increment
    raise MaxRetryError(_pool, url, reason) from reason  # type: ignore[arg-type]
    ^^^^^^^^^^^^^^^^^^^^^^^^^^^^^^^^^^^^^^^^^^^^^^^^^^^
urllib3.exceptions.MaxRetryError: HTTPSConnectionPool(host='hub.getdbt.com', port=443): Max retries exceeded with url: /api/v1/index.json (Caused by NewConnectionError('<urllib3.connection.HTTPSConnection object at 0xef7c25b53090>: Failed to establish a new connection: [Errno 16] Device or resource busy'))

During handling of the above exception, another exception occurred:

Traceback (most recent call last):
  File "/usr/lib/python_udf/7572a8db11e712fed6beb756e6c14cdfd320d48237f422b7a5b1ae764f1db134/lib/python3.11/site-packages/dbt_common/utils/connection.py", line 21, in connection_exception_retry
    return fn()
           ^^^^
  File "/usr/lib/python_udf/7572a8db11e712fed6beb756e6c14cdfd320d48237f422b7a5b1ae764f1db134/lib/python3.11/site-packages/dbt/clients/registry.py", line 168, in _get_index
    resp = requests.get(url, timeout=30)
           ^^^^^^^^^^^^^^^^^^^^^^^^^^^^^
  File "/usr/lib/python_udf/7572a8db11e712fed6beb756e6c14cdfd320d48237f422b7a5b1ae764f1db134/lib/python3.11/site-packages/requests/api.py", line 73, in get
    return request("get", url, params=params, **kwargs)
           ^^^^^^^^^^^^^^^^^^^^^^^^^^^^^^^^^^^^^^^^^^^^
  File "/usr/lib/python_udf/7572a8db11e712fed6beb756e6c14cdfd320d48237f422b7a5b1ae764f1db134/lib/python3.11/site-packages/requests/api.py", line 59, in request
    return session.request(method=method, url=url, **kwargs)
           ^^^^^^^^^^^^^^^^^^^^^^^^^^^^^^^^^^^^^^^^^^^^^^^^^
  File "/usr/lib/python_udf/7572a8db11e712fed6beb756e6c14cdfd320d48237f422b7a5b1ae764f1db134/lib/python3.11/site-packages/requests/sessions.py", line 589, in request
    resp = self.send(prep, **send_kwargs)
           ^^^^^^^^^^^^^^^^^^^^^^^^^^^^^^
  File "/usr/lib/python_udf/7572a8db11e712fed6beb756e6c14cdfd320d48237f422b7a5b1ae764f1db134/lib/python3.11/site-packages/requests/sessions.py", line 703, in send
    r = adapter.send(request, **kwargs)
        ^^^^^^^^^^^^^^^^^^^^^^^^^^^^^^^
  File "/usr/lib/python_udf/7572a8db11e712fed6beb756e6c14cdfd320d48237f422b7a5b1ae764f1db134/lib/python3.11/site-packages/requests/adapters.py", line 700, in send
    raise ConnectionError(e, request=request)
requests.exceptions.ConnectionError: HTTPSConnectionPool(host='hub.getdbt.com', port=443): Max retries exceeded with url: /api/v1/index.json (Caused by NewConnectionError('<urllib3.connection.HTTPSConnection object at 0xef7c25b53090>: Failed to establish a new connection: [Errno 16] Device or resource busy'))

During handling of the above exception, another exception occurred:

Traceback (most recent call last):
  File "/usr/lib/python_udf/7572a8db11e712fed6beb756e6c14cdfd320d48237f422b7a5b1ae764f1db134/lib/python3.11/site-packages/urllib3/connection.py", line 198, in _new_conn
    sock = connection.create_connection(
           ^^^^^^^^^^^^^^^^^^^^^^^^^^^^^
  File "/usr/lib/python_udf/7572a8db11e712fed6beb756e6c14cdfd320d48237f422b7a5b1ae764f1db134/lib/python3.11/site-packages/urllib3/util/connection.py", line 60, in create_connection
    for res in socket.getaddrinfo(host, port, family, socket.SOCK_STREAM):
               ^^^^^^^^^^^^^^^^^^^^^^^^^^^^^^^^^^^^^^^^^^^^^^^^^^^^^^^^^^
  File "/usr/lib/python_udf/7572a8db11e712fed6beb756e6c14cdfd320d48237f422b7a5b1ae764f1db134/lib/python3.11/socket.py", line 974, in getaddrinfo
    for res in _socket.getaddrinfo(host, port, family, type, proto, flags):
               ^^^^^^^^^^^^^^^^^^^^^^^^^^^^^^^^^^^^^^^^^^^^^^^^^^^^^^^^^^^
OSError: [Errno 16] Device or resource busy

The above exception was the direct cause of the following exception:

Traceback (most recent call last):
  File "/usr/lib/python_udf/7572a8db11e712fed6beb756e6c14cdfd320d48237f422b7a5b1ae764f1db134/lib/python3.11/site-packages/urllib3/connectionpool.py", line 787, in urlopen
    response = self._make_request(
               ^^^^^^^^^^^^^^^^^^^
  File "/usr/lib/python_udf/7572a8db11e712fed6beb756e6c14cdfd320d48237f422b7a5b1ae764f1db134/lib/python3.11/site-packages/urllib3/connectionpool.py", line 488, in _make_request
    raise new_e
  File "/usr/lib/python_udf/7572a8db11e712fed6beb756e6c14cdfd320d48237f422b7a5b1ae764f1db134/lib/python3.11/site-packages/urllib3/connectionpool.py", line 464, in _make_request
    self._validate_conn(conn)
  File "/usr/lib/python_udf/7572a8db11e712fed6beb756e6c14cdfd320d48237f422b7a5b1ae764f1db134/lib/python3.11/site-packages/urllib3/connectionpool.py", line 1093, in _validate_conn
    conn.connect()
  File "/usr/lib/python_udf/7572a8db11e712fed6beb756e6c14cdfd320d48237f422b7a5b1ae764f1db134/lib/python3.11/site-packages/urllib3/connection.py", line 704, in connect
    self.sock = sock = self._new_conn()
                       ^^^^^^^^^^^^^^^^
  File "/usr/lib/python_udf/7572a8db11e712fed6beb756e6c14cdfd320d48237f422b7a5b1ae764f1db134/lib/python3.11/site-packages/urllib3/connection.py", line 213, in _new_conn
    raise NewConnectionError(
urllib3.exceptions.NewConnectionError: <urllib3.connection.HTTPSConnection object at 0xef7c25b6ced0>: Failed to establish a new connection: [Errno 16] Device or resource busy

The above exception was the direct cause of the following exception:

Traceback (most recent call last):
  File "/usr/lib/python_udf/7572a8db11e712fed6beb756e6c14cdfd320d48237f422b7a5b1ae764f1db134/lib/python3.11/site-packages/requests/adapters.py", line 667, in send
    resp = conn.urlopen(
           ^^^^^^^^^^^^^
  File "/usr/lib/python_udf/7572a8db11e712fed6beb756e6c14cdfd320d48237f422b7a5b1ae764f1db134/lib/python3.11/site-packages/urllib3/connectionpool.py", line 841, in urlopen
    retries = retries.increment(
              ^^^^^^^^^^^^^^^^^^
  File "/usr/lib/python_udf/7572a8db11e712fed6beb756e6c14cdfd320d48237f422b7a5b1ae764f1db134/lib/python3.11/site-packages/urllib3/util/retry.py", line 519, in increment
    raise MaxRetryError(_pool, url, reason) from reason  # type: ignore[arg-type]
    ^^^^^^^^^^^^^^^^^^^^^^^^^^^^^^^^^^^^^^^^^^^^^^^^^^^
urllib3.exceptions.MaxRetryError: HTTPSConnectionPool(host='hub.getdbt.com', port=443): Max retries exceeded with url: /api/v1/index.json (Caused by NewConnectionError('<urllib3.connection.HTTPSConnection object at 0xef7c25b6ced0>: Failed to establish a new connection: [Errno 16] Device or resource busy'))

During handling of the above exception, another exception occurred:

Traceback (most recent call last):
  File "/usr/lib/python_udf/7572a8db11e712fed6beb756e6c14cdfd320d48237f422b7a5b1ae764f1db134/lib/python3.11/site-packages/dbt_common/utils/connection.py", line 21, in connection_exception_retry
    return fn()
           ^^^^
  File "/usr/lib/python_udf/7572a8db11e712fed6beb756e6c14cdfd320d48237f422b7a5b1ae764f1db134/lib/python3.11/site-packages/dbt/clients/registry.py", line 168, in _get_index
    resp = requests.get(url, timeout=30)
           ^^^^^^^^^^^^^^^^^^^^^^^^^^^^^
  File "/usr/lib/python_udf/7572a8db11e712fed6beb756e6c14cdfd320d48237f422b7a5b1ae764f1db134/lib/python3.11/site-packages/requests/api.py", line 73, in get
    return request("get", url, params=params, **kwargs)
           ^^^^^^^^^^^^^^^^^^^^^^^^^^^^^^^^^^^^^^^^^^^^
  File "/usr/lib/python_udf/7572a8db11e712fed6beb756e6c14cdfd320d48237f422b7a5b1ae764f1db134/lib/python3.11/site-packages/requests/api.py", line 59, in request
    return session.request(method=method, url=url, **kwargs)
           ^^^^^^^^^^^^^^^^^^^^^^^^^^^^^^^^^^^^^^^^^^^^^^^^^
  File "/usr/lib/python_udf/7572a8db11e712fed6beb756e6c14cdfd320d48237f422b7a5b1ae764f1db134/lib/python3.11/site-packages/requests/sessions.py", line 589, in request
    resp = self.send(prep, **send_kwargs)
           ^^^^^^^^^^^^^^^^^^^^^^^^^^^^^^
  File "/usr/lib/python_udf/7572a8db11e712fed6beb756e6c14cdfd320d48237f422b7a5b1ae764f1db134/lib/python3.11/site-packages/requests/sessions.py", line 703, in send
    r = adapter.send(request, **kwargs)
        ^^^^^^^^^^^^^^^^^^^^^^^^^^^^^^^
  File "/usr/lib/python_udf/7572a8db11e712fed6beb756e6c14cdfd320d48237f422b7a5b1ae764f1db134/lib/python3.11/site-packages/requests/adapters.py", line 700, in send
    raise ConnectionError(e, request=request)
requests.exceptions.ConnectionError: HTTPSConnectionPool(host='hub.getdbt.com', port=443): Max retries exceeded with url: /api/v1/index.json (Caused by NewConnectionError('<urllib3.connection.HTTPSConnection object at 0xef7c25b6ced0>: Failed to establish a new connection: [Errno 16] Device or resource busy'))

During handling of the above exception, another exception occurred:

Traceback (most recent call last):
  File "/usr/lib/python_udf/7572a8db11e712fed6beb756e6c14cdfd320d48237f422b7a5b1ae764f1db134/lib/python3.11/site-packages/urllib3/connection.py", line 198, in _new_conn
    sock = connection.create_connection(
           ^^^^^^^^^^^^^^^^^^^^^^^^^^^^^
  File "/usr/lib/python_udf/7572a8db11e712fed6beb756e6c14cdfd320d48237f422b7a5b1ae764f1db134/lib/python3.11/site-packages/urllib3/util/connection.py", line 60, in create_connection
    for res in socket.getaddrinfo(host, port, family, socket.SOCK_STREAM):
               ^^^^^^^^^^^^^^^^^^^^^^^^^^^^^^^^^^^^^^^^^^^^^^^^^^^^^^^^^^
  File "/usr/lib/python_udf/7572a8db11e712fed6beb756e6c14cdfd320d48237f422b7a5b1ae764f1db134/lib/python3.11/socket.py", line 974, in getaddrinfo
    for res in _socket.getaddrinfo(host, port, family, type, proto, flags):
               ^^^^^^^^^^^^^^^^^^^^^^^^^^^^^^^^^^^^^^^^^^^^^^^^^^^^^^^^^^^
OSError: [Errno 16] Device or resource busy

The above exception was the direct cause of the following exception:

Traceback (most recent call last):
  File "/usr/lib/python_udf/7572a8db11e712fed6beb756e6c14cdfd320d48237f422b7a5b1ae764f1db134/lib/python3.11/site-packages/urllib3/connectionpool.py", line 787, in urlopen
    response = self._make_request(
               ^^^^^^^^^^^^^^^^^^^
  File "/usr/lib/python_udf/7572a8db11e712fed6beb756e6c14cdfd320d48237f422b7a5b1ae764f1db134/lib/python3.11/site-packages/urllib3/connectionpool.py", line 488, in _make_request
    raise new_e
  File "/usr/lib/python_udf/7572a8db11e712fed6beb756e6c14cdfd320d48237f422b7a5b1ae764f1db134/lib/python3.11/site-packages/urllib3/connectionpool.py", line 464, in _make_request
    self._validate_conn(conn)
  File "/usr/lib/python_udf/7572a8db11e712fed6beb756e6c14cdfd320d48237f422b7a5b1ae764f1db134/lib/python3.11/site-packages/urllib3/connectionpool.py", line 1093, in _validate_conn
    conn.connect()
  File "/usr/lib/python_udf/7572a8db11e712fed6beb756e6c14cdfd320d48237f422b7a5b1ae764f1db134/lib/python3.11/site-packages/urllib3/connection.py", line 704, in connect
    self.sock = sock = self._new_conn()
                       ^^^^^^^^^^^^^^^^
  File "/usr/lib/python_udf/7572a8db11e712fed6beb756e6c14cdfd320d48237f422b7a5b1ae764f1db134/lib/python3.11/site-packages/urllib3/connection.py", line 213, in _new_conn
    raise NewConnectionError(
urllib3.exceptions.NewConnectionError: <urllib3.connection.HTTPSConnection object at 0xef7c25b6e790>: Failed to establish a new connection: [Errno 16] Device or resource busy

The above exception was the direct cause of the following exception:

Traceback (most recent call last):
  File "/usr/lib/python_udf/7572a8db11e712fed6beb756e6c14cdfd320d48237f422b7a5b1ae764f1db134/lib/python3.11/site-packages/requests/adapters.py", line 667, in send
    resp = conn.urlopen(
           ^^^^^^^^^^^^^
  File "/usr/lib/python_udf/7572a8db11e712fed6beb756e6c14cdfd320d48237f422b7a5b1ae764f1db134/lib/python3.11/site-packages/urllib3/connectionpool.py", line 841, in urlopen
    retries = retries.increment(
              ^^^^^^^^^^^^^^^^^^
  File "/usr/lib/python_udf/7572a8db11e712fed6beb756e6c14cdfd320d48237f422b7a5b1ae764f1db134/lib/python3.11/site-packages/urllib3/util/retry.py", line 519, in increment
    raise MaxRetryError(_pool, url, reason) from reason  # type: ignore[arg-type]
    ^^^^^^^^^^^^^^^^^^^^^^^^^^^^^^^^^^^^^^^^^^^^^^^^^^^
urllib3.exceptions.MaxRetryError: HTTPSConnectionPool(host='hub.getdbt.com', port=443): Max retries exceeded with url: /api/v1/index.json (Caused by NewConnectionError('<urllib3.connection.HTTPSConnection object at 0xef7c25b6e790>: Failed to establish a new connection: [Errno 16] Device or resource busy'))

During handling of the above exception, another exception occurred:

Traceback (most recent call last):
  File "/usr/lib/python_udf/7572a8db11e712fed6beb756e6c14cdfd320d48237f422b7a5b1ae764f1db134/lib/python3.11/site-packages/dbt_common/utils/connection.py", line 21, in connection_exception_retry
    return fn()
           ^^^^
  File "/usr/lib/python_udf/7572a8db11e712fed6beb756e6c14cdfd320d48237f422b7a5b1ae764f1db134/lib/python3.11/site-packages/dbt/clients/registry.py", line 168, in _get_index
    resp = requests.get(url, timeout=30)
           ^^^^^^^^^^^^^^^^^^^^^^^^^^^^^
  File "/usr/lib/python_udf/7572a8db11e712fed6beb756e6c14cdfd320d48237f422b7a5b1ae764f1db134/lib/python3.11/site-packages/requests/api.py", line 73, in get
    return request("get", url, params=params, **kwargs)
           ^^^^^^^^^^^^^^^^^^^^^^^^^^^^^^^^^^^^^^^^^^^^
  File "/usr/lib/python_udf/7572a8db11e712fed6beb756e6c14cdfd320d48237f422b7a5b1ae764f1db134/lib/python3.11/site-packages/requests/api.py", line 59, in request
    return session.request(method=method, url=url, **kwargs)
           ^^^^^^^^^^^^^^^^^^^^^^^^^^^^^^^^^^^^^^^^^^^^^^^^^
  File "/usr/lib/python_udf/7572a8db11e712fed6beb756e6c14cdfd320d48237f422b7a5b1ae764f1db134/lib/python3.11/site-packages/requests/sessions.py", line 589, in request
    resp = self.send(prep, **send_kwargs)
           ^^^^^^^^^^^^^^^^^^^^^^^^^^^^^^
  File "/usr/lib/python_udf/7572a8db11e712fed6beb756e6c14cdfd320d48237f422b7a5b1ae764f1db134/lib/python3.11/site-packages/requests/sessions.py", line 703, in send
    r = adapter.send(request, **kwargs)
        ^^^^^^^^^^^^^^^^^^^^^^^^^^^^^^^
  File "/usr/lib/python_udf/7572a8db11e712fed6beb756e6c14cdfd320d48237f422b7a5b1ae764f1db134/lib/python3.11/site-packages/requests/adapters.py", line 700, in send
    raise ConnectionError(e, request=request)
requests.exceptions.ConnectionError: HTTPSConnectionPool(host='hub.getdbt.com', port=443): Max retries exceeded with url: /api/v1/index.json (Caused by NewConnectionError('<urllib3.connection.HTTPSConnection object at 0xef7c25b6e790>: Failed to establish a new connection: [Errno 16] Device or resource busy'))

During handling of the above exception, another exception occurred:

Traceback (most recent call last):
  File "/usr/lib/python_udf/7572a8db11e712fed6beb756e6c14cdfd320d48237f422b7a5b1ae764f1db134/lib/python3.11/site-packages/urllib3/connection.py", line 198, in _new_conn
    sock = connection.create_connection(
           ^^^^^^^^^^^^^^^^^^^^^^^^^^^^^
  File "/usr/lib/python_udf/7572a8db11e712fed6beb756e6c14cdfd320d48237f422b7a5b1ae764f1db134/lib/python3.11/site-packages/urllib3/util/connection.py", line 60, in create_connection
    for res in socket.getaddrinfo(host, port, family, socket.SOCK_STREAM):
               ^^^^^^^^^^^^^^^^^^^^^^^^^^^^^^^^^^^^^^^^^^^^^^^^^^^^^^^^^^
  File "/usr/lib/python_udf/7572a8db11e712fed6beb756e6c14cdfd320d48237f422b7a5b1ae764f1db134/lib/python3.11/socket.py", line 974, in getaddrinfo
    for res in _socket.getaddrinfo(host, port, family, type, proto, flags):
               ^^^^^^^^^^^^^^^^^^^^^^^^^^^^^^^^^^^^^^^^^^^^^^^^^^^^^^^^^^^
OSError: [Errno 16] Device or resource busy

The above exception was the direct cause of the following exception:

Traceback (most recent call last):
  File "/usr/lib/python_udf/7572a8db11e712fed6beb756e6c14cdfd320d48237f422b7a5b1ae764f1db134/lib/python3.11/site-packages/urllib3/connectionpool.py", line 787, in urlopen
    response = self._make_request(
               ^^^^^^^^^^^^^^^^^^^
  File "/usr/lib/python_udf/7572a8db11e712fed6beb756e6c14cdfd320d48237f422b7a5b1ae764f1db134/lib/python3.11/site-packages/urllib3/connectionpool.py", line 488, in _make_request
    raise new_e
  File "/usr/lib/python_udf/7572a8db11e712fed6beb756e6c14cdfd320d48237f422b7a5b1ae764f1db134/lib/python3.11/site-packages/urllib3/connectionpool.py", line 464, in _make_request
    self._validate_conn(conn)
  File "/usr/lib/python_udf/7572a8db11e712fed6beb756e6c14cdfd320d48237f422b7a5b1ae764f1db134/lib/python3.11/site-packages/urllib3/connectionpool.py", line 1093, in _validate_conn
    conn.connect()
  File "/usr/lib/python_udf/7572a8db11e712fed6beb756e6c14cdfd320d48237f422b7a5b1ae764f1db134/lib/python3.11/site-packages/urllib3/connection.py", line 704, in connect
    self.sock = sock = self._new_conn()
                       ^^^^^^^^^^^^^^^^
  File "/usr/lib/python_udf/7572a8db11e712fed6beb756e6c14cdfd320d48237f422b7a5b1ae764f1db134/lib/python3.11/site-packages/urllib3/connection.py", line 213, in _new_conn
    raise NewConnectionError(
urllib3.exceptions.NewConnectionError: <urllib3.connection.HTTPSConnection object at 0xef7c25b7c610>: Failed to establish a new connection: [Errno 16] Device or resource busy

The above exception was the direct cause of the following exception:

Traceback (most recent call last):
  File "/usr/lib/python_udf/7572a8db11e712fed6beb756e6c14cdfd320d48237f422b7a5b1ae764f1db134/lib/python3.11/site-packages/requests/adapters.py", line 667, in send
    resp = conn.urlopen(
           ^^^^^^^^^^^^^
  File "/usr/lib/python_udf/7572a8db11e712fed6beb756e6c14cdfd320d48237f422b7a5b1ae764f1db134/lib/python3.11/site-packages/urllib3/connectionpool.py", line 841, in urlopen
    retries = retries.increment(
              ^^^^^^^^^^^^^^^^^^
  File "/usr/lib/python_udf/7572a8db11e712fed6beb756e6c14cdfd320d48237f422b7a5b1ae764f1db134/lib/python3.11/site-packages/urllib3/util/retry.py", line 519, in increment
    raise MaxRetryError(_pool, url, reason) from reason  # type: ignore[arg-type]
    ^^^^^^^^^^^^^^^^^^^^^^^^^^^^^^^^^^^^^^^^^^^^^^^^^^^
urllib3.exceptions.MaxRetryError: HTTPSConnectionPool(host='hub.getdbt.com', port=443): Max retries exceeded with url: /api/v1/index.json (Caused by NewConnectionError('<urllib3.connection.HTTPSConnection object at 0xef7c25b7c610>: Failed to establish a new connection: [Errno 16] Device or resource busy'))

During handling of the above exception, another exception occurred:

Traceback (most recent call last):
  File "/usr/lib/python_udf/7572a8db11e712fed6beb756e6c14cdfd320d48237f422b7a5b1ae764f1db134/lib/python3.11/site-packages/dbt_common/utils/connection.py", line 21, in connection_exception_retry
    return fn()
           ^^^^
  File "/usr/lib/python_udf/7572a8db11e712fed6beb756e6c14cdfd320d48237f422b7a5b1ae764f1db134/lib/python3.11/site-packages/dbt/clients/registry.py", line 168, in _get_index
    resp = requests.get(url, timeout=30)
           ^^^^^^^^^^^^^^^^^^^^^^^^^^^^^
  File "/usr/lib/python_udf/7572a8db11e712fed6beb756e6c14cdfd320d48237f422b7a5b1ae764f1db134/lib/python3.11/site-packages/requests/api.py", line 73, in get
    return request("get", url, params=params, **kwargs)
           ^^^^^^^^^^^^^^^^^^^^^^^^^^^^^^^^^^^^^^^^^^^^
  File "/usr/lib/python_udf/7572a8db11e712fed6beb756e6c14cdfd320d48237f422b7a5b1ae764f1db134/lib/python3.11/site-packages/requests/api.py", line 59, in request
    return session.request(method=method, url=url, **kwargs)
           ^^^^^^^^^^^^^^^^^^^^^^^^^^^^^^^^^^^^^^^^^^^^^^^^^
  File "/usr/lib/python_udf/7572a8db11e712fed6beb756e6c14cdfd320d48237f422b7a5b1ae764f1db134/lib/python3.11/site-packages/requests/sessions.py", line 589, in request
    resp = self.send(prep, **send_kwargs)
           ^^^^^^^^^^^^^^^^^^^^^^^^^^^^^^
  File "/usr/lib/python_udf/7572a8db11e712fed6beb756e6c14cdfd320d48237f422b7a5b1ae764f1db134/lib/python3.11/site-packages/requests/sessions.py", line 703, in send
    r = adapter.send(request, **kwargs)
        ^^^^^^^^^^^^^^^^^^^^^^^^^^^^^^^
  File "/usr/lib/python_udf/7572a8db11e712fed6beb756e6c14cdfd320d48237f422b7a5b1ae764f1db134/lib/python3.11/site-packages/requests/adapters.py", line 700, in send
    raise ConnectionError(e, request=request)
requests.exceptions.ConnectionError: HTTPSConnectionPool(host='hub.getdbt.com', port=443): Max retries exceeded with url: /api/v1/index.json (Caused by NewConnectionError('<urllib3.connection.HTTPSConnection object at 0xef7c25b7c610>: Failed to establish a new connection: [Errno 16] Device or resource busy'))

During handling of the above exception, another exception occurred:

Traceback (most recent call last):
  File "/usr/lib/python_udf/7572a8db11e712fed6beb756e6c14cdfd320d48237f422b7a5b1ae764f1db134/lib/python3.11/site-packages/urllib3/connection.py", line 198, in _new_conn
    sock = connection.create_connection(
           ^^^^^^^^^^^^^^^^^^^^^^^^^^^^^
  File "/usr/lib/python_udf/7572a8db11e712fed6beb756e6c14cdfd320d48237f422b7a5b1ae764f1db134/lib/python3.11/site-packages/urllib3/util/connection.py", line 60, in create_connection
    for res in socket.getaddrinfo(host, port, family, socket.SOCK_STREAM):
               ^^^^^^^^^^^^^^^^^^^^^^^^^^^^^^^^^^^^^^^^^^^^^^^^^^^^^^^^^^
  File "/usr/lib/python_udf/7572a8db11e712fed6beb756e6c14cdfd320d48237f422b7a5b1ae764f1db134/lib/python3.11/socket.py", line 974, in getaddrinfo
    for res in _socket.getaddrinfo(host, port, family, type, proto, flags):
               ^^^^^^^^^^^^^^^^^^^^^^^^^^^^^^^^^^^^^^^^^^^^^^^^^^^^^^^^^^^
OSError: [Errno 16] Device or resource busy

The above exception was the direct cause of the following exception:

Traceback (most recent call last):
  File "/usr/lib/python_udf/7572a8db11e712fed6beb756e6c14cdfd320d48237f422b7a5b1ae764f1db134/lib/python3.11/site-packages/urllib3/connectionpool.py", line 787, in urlopen
    response = self._make_request(
               ^^^^^^^^^^^^^^^^^^^
  File "/usr/lib/python_udf/7572a8db11e712fed6beb756e6c14cdfd320d48237f422b7a5b1ae764f1db134/lib/python3.11/site-packages/urllib3/connectionpool.py", line 488, in _make_request
    raise new_e
  File "/usr/lib/python_udf/7572a8db11e712fed6beb756e6c14cdfd320d48237f422b7a5b1ae764f1db134/lib/python3.11/site-packages/urllib3/connectionpool.py", line 464, in _make_request
    self._validate_conn(conn)
  File "/usr/lib/python_udf/7572a8db11e712fed6beb756e6c14cdfd320d48237f422b7a5b1ae764f1db134/lib/python3.11/site-packages/urllib3/connectionpool.py", line 1093, in _validate_conn
    conn.connect()
  File "/usr/lib/python_udf/7572a8db11e712fed6beb756e6c14cdfd320d48237f422b7a5b1ae764f1db134/lib/python3.11/site-packages/urllib3/connection.py", line 704, in connect
    self.sock = sock = self._new_conn()
                       ^^^^^^^^^^^^^^^^
  File "/usr/lib/python_udf/7572a8db11e712fed6beb756e6c14cdfd320d48237f422b7a5b1ae764f1db134/lib/python3.11/site-packages/urllib3/connection.py", line 213, in _new_conn
    raise NewConnectionError(
urllib3.exceptions.NewConnectionError: <urllib3.connection.HTTPSConnection object at 0xef7c25b7e410>: Failed to establish a new connection: [Errno 16] Device or resource busy

The above exception was the direct cause of the following exception:

Traceback (most recent call last):
  File "/usr/lib/python_udf/7572a8db11e712fed6beb756e6c14cdfd320d48237f422b7a5b1ae764f1db134/lib/python3.11/site-packages/requests/adapters.py", line 667, in send
    resp = conn.urlopen(
           ^^^^^^^^^^^^^
  File "/usr/lib/python_udf/7572a8db11e712fed6beb756e6c14cdfd320d48237f422b7a5b1ae764f1db134/lib/python3.11/site-packages/urllib3/connectionpool.py", line 841, in urlopen
    retries = retries.increment(
              ^^^^^^^^^^^^^^^^^^
  File "/usr/lib/python_udf/7572a8db11e712fed6beb756e6c14cdfd320d48237f422b7a5b1ae764f1db134/lib/python3.11/site-packages/urllib3/util/retry.py", line 519, in increment
    raise MaxRetryError(_pool, url, reason) from reason  # type: ignore[arg-type]
    ^^^^^^^^^^^^^^^^^^^^^^^^^^^^^^^^^^^^^^^^^^^^^^^^^^^
urllib3.exceptions.MaxRetryError: HTTPSConnectionPool(host='hub.getdbt.com', port=443): Max retries exceeded with url: /api/v1/index.json (Caused by NewConnectionError('<urllib3.connection.HTTPSConnection object at 0xef7c25b7e410>: Failed to establish a new connection: [Errno 16] Device or resource busy'))

During handling of the above exception, another exception occurred:

Traceback (most recent call last):
  File "/usr/lib/python_udf/7572a8db11e712fed6beb756e6c14cdfd320d48237f422b7a5b1ae764f1db134/lib/python3.11/site-packages/dbt_common/utils/connection.py", line 21, in connection_exception_retry
    return fn()
           ^^^^
  File "/usr/lib/python_udf/7572a8db11e712fed6beb756e6c14cdfd320d48237f422b7a5b1ae764f1db134/lib/python3.11/site-packages/dbt/clients/registry.py", line 168, in _get_index
    resp = requests.get(url, timeout=30)
           ^^^^^^^^^^^^^^^^^^^^^^^^^^^^^
  File "/usr/lib/python_udf/7572a8db11e712fed6beb756e6c14cdfd320d48237f422b7a5b1ae764f1db134/lib/python3.11/site-packages/requests/api.py", line 73, in get
    return request("get", url, params=params, **kwargs)
           ^^^^^^^^^^^^^^^^^^^^^^^^^^^^^^^^^^^^^^^^^^^^
  File "/usr/lib/python_udf/7572a8db11e712fed6beb756e6c14cdfd320d48237f422b7a5b1ae764f1db134/lib/python3.11/site-packages/requests/api.py", line 59, in request
    return session.request(method=method, url=url, **kwargs)
           ^^^^^^^^^^^^^^^^^^^^^^^^^^^^^^^^^^^^^^^^^^^^^^^^^
  File "/usr/lib/python_udf/7572a8db11e712fed6beb756e6c14cdfd320d48237f422b7a5b1ae764f1db134/lib/python3.11/site-packages/requests/sessions.py", line 589, in request
    resp = self.send(prep, **send_kwargs)
           ^^^^^^^^^^^^^^^^^^^^^^^^^^^^^^
  File "/usr/lib/python_udf/7572a8db11e712fed6beb756e6c14cdfd320d48237f422b7a5b1ae764f1db134/lib/python3.11/site-packages/requests/sessions.py", line 703, in send
    r = adapter.send(request, **kwargs)
        ^^^^^^^^^^^^^^^^^^^^^^^^^^^^^^^
  File "/usr/lib/python_udf/7572a8db11e712fed6beb756e6c14cdfd320d48237f422b7a5b1ae764f1db134/lib/python3.11/site-packages/requests/adapters.py", line 700, in send
    raise ConnectionError(e, request=request)
requests.exceptions.ConnectionError: HTTPSConnectionPool(host='hub.getdbt.com', port=443): Max retries exceeded with url: /api/v1/index.json (Caused by NewConnectionError('<urllib3.connection.HTTPSConnection object at 0xef7c25b7e410>: Failed to establish a new connection: [Errno 16] Device or resource busy'))

During handling of the above exception, another exception occurred:

Traceback (most recent call last):
  File "/usr/lib/python_udf/7572a8db11e712fed6beb756e6c14cdfd320d48237f422b7a5b1ae764f1db134/lib/python3.11/site-packages/dbt/cli/requires.py", line 153, in wrapper
    result, success = func(*args, **kwargs)
                      ^^^^^^^^^^^^^^^^^^^^^
  File "/usr/lib/python_udf/7572a8db11e712fed6beb756e6c14cdfd320d48237f422b7a5b1ae764f1db134/lib/python3.11/site-packages/dbt/cli/requires.py", line 103, in wrapper
    return func(*args, **kwargs)
           ^^^^^^^^^^^^^^^^^^^^^
  File "/usr/lib/python_udf/7572a8db11e712fed6beb756e6c14cdfd320d48237f422b7a5b1ae764f1db134/lib/python3.11/site-packages/dbt/cli/requires.py", line 218, in wrapper
    return func(*args, **kwargs)
           ^^^^^^^^^^^^^^^^^^^^^
  File "/usr/lib/python_udf/7572a8db11e712fed6beb756e6c14cdfd320d48237f422b7a5b1ae764f1db134/lib/python3.11/site-packages/dbt/cli/requires.py", line 264, in wrapper
    return func(*args, **kwargs)
           ^^^^^^^^^^^^^^^^^^^^^
  File "/usr/lib/python_udf/7572a8db11e712fed6beb756e6c14cdfd320d48237f422b7a5b1ae764f1db134/lib/python3.11/site-packages/dbt/cli/main.py", line 455, in deps
    results = task.run()
              ^^^^^^^^^^
  File "/usr/lib/python_udf/7572a8db11e712fed6beb756e6c14cdfd320d48237f422b7a5b1ae764f1db134/lib/python3.11/site-packages/dbt/task/deps.py", line 243, in run
    lock_defined_deps = resolve_lock_packages(packages_lock_config)
                        ^^^^^^^^^^^^^^^^^^^^^^^^^^^^^^^^^^^^^^^^^^^
  File "/usr/lib/python_udf/7572a8db11e712fed6beb756e6c14cdfd320d48237f422b7a5b1ae764f1db134/lib/python3.11/site-packages/dbt/deps/resolver.py", line 147, in resolve_lock_packages
    resolved = final.resolved()
               ^^^^^^^^^^^^^^^^
  File "/usr/lib/python_udf/7572a8db11e712fed6beb756e6c14cdfd320d48237f422b7a5b1ae764f1db134/lib/python3.11/site-packages/dbt/deps/resolver.py", line 95, in resolved
    return [p.resolved() for p in self.packages.values()]
           ^^^^^^^^^^^^^^^^^^^^^^^^^^^^^^^^^^^^^^^^^^^^^^
  File "/usr/lib/python_udf/7572a8db11e712fed6beb756e6c14cdfd320d48237f422b7a5b1ae764f1db134/lib/python3.11/site-packages/dbt/deps/resolver.py", line 95, in <listcomp>
    return [p.resolved() for p in self.packages.values()]
            ^^^^^^^^^^^^
  File "/usr/lib/python_udf/7572a8db11e712fed6beb756e6c14cdfd320d48237f422b7a5b1ae764f1db134/lib/python3.11/site-packages/dbt/deps/registry.py", line 98, in resolved
    self._check_in_index()
  File "/usr/lib/python_udf/7572a8db11e712fed6beb756e6c14cdfd320d48237f422b7a5b1ae764f1db134/lib/python3.11/site-packages/dbt/deps/registry.py", line 75, in _check_in_index
    index = registry.index_cached()
            ^^^^^^^^^^^^^^^^^^^^^^^
  File "/usr/lib/python_udf/7572a8db11e712fed6beb756e6c14cdfd320d48237f422b7a5b1ae764f1db134/lib/python3.11/site-packages/dbt/utils.py", line 127, in __call__
    value = self.func(*args)
            ^^^^^^^^^^^^^^^^
  File "/usr/lib/python_udf/7572a8db11e712fed6beb756e6c14cdfd320d48237f422b7a5b1ae764f1db134/lib/python3.11/site-packages/dbt/clients/registry.py", line 189, in index
    return connection_exception_retry(get_index_fn, 5)
           ^^^^^^^^^^^^^^^^^^^^^^^^^^^^^^^^^^^^^^^^^^^
  File "/usr/lib/python_udf/7572a8db11e712fed6beb756e6c14cdfd320d48237f422b7a5b1ae764f1db134/lib/python3.11/site-packages/dbt_common/utils/connection.py", line 34, in connection_exception_retry
    return connection_exception_retry(fn, max_attempts, attempt + 1)
           ^^^^^^^^^^^^^^^^^^^^^^^^^^^^^^^^^^^^^^^^^^^^^^^^^^^^^^^^^
  File "/usr/lib/python_udf/7572a8db11e712fed6beb756e6c14cdfd320d48237f422b7a5b1ae764f1db134/lib/python3.11/site-packages/dbt_common/utils/connection.py", line 34, in connection_exception_retry
    return connection_exception_retry(fn, max_attempts, attempt + 1)
           ^^^^^^^^^^^^^^^^^^^^^^^^^^^^^^^^^^^^^^^^^^^^^^^^^^^^^^^^^
  File "/usr/lib/python_udf/7572a8db11e712fed6beb756e6c14cdfd320d48237f422b7a5b1ae764f1db134/lib/python3.11/site-packages/dbt_common/utils/connection.py", line 34, in connection_exception_retry
    return connection_exception_retry(fn, max_attempts, attempt + 1)
           ^^^^^^^^^^^^^^^^^^^^^^^^^^^^^^^^^^^^^^^^^^^^^^^^^^^^^^^^^
  [Previous line repeated 2 more times]
  File "/usr/lib/python_udf/7572a8db11e712fed6beb756e6c14cdfd320d48237f422b7a5b1ae764f1db134/lib/python3.11/site-packages/dbt_common/utils/connection.py", line 36, in connection_exception_retry
    raise ConnectionError("External connection exception occurred: " + str(exc))
dbt_common.exceptions.connection.ConnectionError: External connection exception occurred: HTTPSConnectionPool(host='hub.getdbt.com', port=443): Max retries exceeded with url: /api/v1/index.json (Caused by NewConnectionError('<urllib3.connection.HTTPSConnection object at 0xef7c25b7e410>: Failed to establish a new connection: [Errno 16] Device or resource busy'))

[0m09:45:02.973113 [debug] [Dummy-1   ]: Resource report: {"command_name": "deps", "command_success": false, "command_wall_clock_time": 5.3213243, "process_in_blocks": "0", "process_kernel_time": 0.74, "process_mem_max_rss": "404256", "process_out_blocks": "0", "process_user_time": 3.15}
[0m09:45:02.973810 [debug] [Dummy-1   ]: Command `cli deps` failed at 09:45:02.973534 after 5.32 seconds
[0m09:45:02.974361 [debug] [Dummy-1   ]: Flushing usage events


============================== 09:45:33.480616 | a753b842-b542-49c6-b5cd-b9b9f5616965 ==============================
[0m09:45:33.480616 [info ] [Dummy-1   ]: Running with dbt=1.9.4
[0m09:45:33.481480 [debug] [Dummy-1   ]: running dbt with arguments {'printer_width': '80', 'indirect_selection': 'eager', 'write_json': 'True', 'log_cache_events': 'False', 'partial_parse': 'True', 'cache_selected_only': 'False', 'warn_error': 'None', 'debug': 'False', 'version_check': 'True', 'log_path': '/tmp/dbt/logs', 'fail_fast': 'False', 'profiles_dir': '/tmp/dbt_effective_profiles_mtizhbuk', 'use_colors': 'True', 'use_experimental_parser': 'False', 'no_print': 'None', 'quiet': 'False', 'empty': 'None', 'log_format': 'default', 'invocation_command': 'dbt ', 'introspect': 'True', 'static_parser': 'True', 'target_path': 'None', 'warn_error_options': 'WarnErrorOptions(include=[], exclude=[])', 'send_anonymous_usage_stats': 'False'}
[0m09:45:33.669225 [debug] [Dummy-1   ]: Set downloads directory='/tmp/dbt-downloads-darxlo92'
[0m09:45:33.669892 [debug] [Dummy-1   ]: Making package index registry request: GET https://hub.getdbt.com/api/v1/index.json
[0m09:45:33.673502 [debug] [Dummy-1   ]: External call exception: HTTPSConnectionPool(host='hub.getdbt.com', port=443): Max retries exceeded with url: /api/v1/index.json (Caused by NewConnectionError('<urllib3.connection.HTTPSConnection object at 0xf7a26d8fb210>: Failed to establish a new connection: [Errno 16] Device or resource busy'))
[0m09:45:33.674005 [debug] [Dummy-1   ]: Retrying external call. Attempt: 0 Max attempts: 5
[0m09:45:34.674765 [debug] [Dummy-1   ]: Making package index registry request: GET https://hub.getdbt.com/api/v1/index.json
[0m09:45:34.676729 [debug] [Dummy-1   ]: External call exception: HTTPSConnectionPool(host='hub.getdbt.com', port=443): Max retries exceeded with url: /api/v1/index.json (Caused by NewConnectionError('<urllib3.connection.HTTPSConnection object at 0xf7a26d6912d0>: Failed to establish a new connection: [Errno 16] Device or resource busy'))
[0m09:45:34.677246 [debug] [Dummy-1   ]: Retrying external call. Attempt: 1 Max attempts: 5
[0m09:45:35.678078 [debug] [Dummy-1   ]: Making package index registry request: GET https://hub.getdbt.com/api/v1/index.json
[0m09:45:35.680069 [debug] [Dummy-1   ]: External call exception: HTTPSConnectionPool(host='hub.getdbt.com', port=443): Max retries exceeded with url: /api/v1/index.json (Caused by NewConnectionError('<urllib3.connection.HTTPSConnection object at 0xf7a26d693110>: Failed to establish a new connection: [Errno 16] Device or resource busy'))
[0m09:45:35.680658 [debug] [Dummy-1   ]: Retrying external call. Attempt: 2 Max attempts: 5
[0m09:45:36.682360 [debug] [Dummy-1   ]: Making package index registry request: GET https://hub.getdbt.com/api/v1/index.json
[0m09:45:36.684227 [debug] [Dummy-1   ]: External call exception: HTTPSConnectionPool(host='hub.getdbt.com', port=443): Max retries exceeded with url: /api/v1/index.json (Caused by NewConnectionError('<urllib3.connection.HTTPSConnection object at 0xf7a26d694a50>: Failed to establish a new connection: [Errno 16] Device or resource busy'))
[0m09:45:36.684736 [debug] [Dummy-1   ]: Retrying external call. Attempt: 3 Max attempts: 5
[0m09:45:37.685611 [debug] [Dummy-1   ]: Making package index registry request: GET https://hub.getdbt.com/api/v1/index.json
[0m09:45:37.687372 [debug] [Dummy-1   ]: External call exception: HTTPSConnectionPool(host='hub.getdbt.com', port=443): Max retries exceeded with url: /api/v1/index.json (Caused by NewConnectionError('<urllib3.connection.HTTPSConnection object at 0xf7a26d696890>: Failed to establish a new connection: [Errno 16] Device or resource busy'))
[0m09:45:37.687872 [debug] [Dummy-1   ]: Retrying external call. Attempt: 4 Max attempts: 5
[0m09:45:38.689268 [debug] [Dummy-1   ]: Making package index registry request: GET https://hub.getdbt.com/api/v1/index.json
[0m09:45:38.691203 [error] [Dummy-1   ]: Encountered an error:
External connection exception occurred: HTTPSConnectionPool(host='hub.getdbt.com', port=443): Max retries exceeded with url: /api/v1/index.json (Caused by NewConnectionError('<urllib3.connection.HTTPSConnection object at 0xf7a26d6a0750>: Failed to establish a new connection: [Errno 16] Device or resource busy'))
[0m09:45:38.706184 [error] [Dummy-1   ]: Traceback (most recent call last):
  File "/usr/lib/python_udf/7572a8db11e712fed6beb756e6c14cdfd320d48237f422b7a5b1ae764f1db134/lib/python3.11/site-packages/urllib3/connection.py", line 198, in _new_conn
    sock = connection.create_connection(
           ^^^^^^^^^^^^^^^^^^^^^^^^^^^^^
  File "/usr/lib/python_udf/7572a8db11e712fed6beb756e6c14cdfd320d48237f422b7a5b1ae764f1db134/lib/python3.11/site-packages/urllib3/util/connection.py", line 60, in create_connection
    for res in socket.getaddrinfo(host, port, family, socket.SOCK_STREAM):
               ^^^^^^^^^^^^^^^^^^^^^^^^^^^^^^^^^^^^^^^^^^^^^^^^^^^^^^^^^^
  File "/usr/lib/python_udf/7572a8db11e712fed6beb756e6c14cdfd320d48237f422b7a5b1ae764f1db134/lib/python3.11/socket.py", line 974, in getaddrinfo
    for res in _socket.getaddrinfo(host, port, family, type, proto, flags):
               ^^^^^^^^^^^^^^^^^^^^^^^^^^^^^^^^^^^^^^^^^^^^^^^^^^^^^^^^^^^
OSError: [Errno 16] Device or resource busy

The above exception was the direct cause of the following exception:

Traceback (most recent call last):
  File "/usr/lib/python_udf/7572a8db11e712fed6beb756e6c14cdfd320d48237f422b7a5b1ae764f1db134/lib/python3.11/site-packages/urllib3/connectionpool.py", line 787, in urlopen
    response = self._make_request(
               ^^^^^^^^^^^^^^^^^^^
  File "/usr/lib/python_udf/7572a8db11e712fed6beb756e6c14cdfd320d48237f422b7a5b1ae764f1db134/lib/python3.11/site-packages/urllib3/connectionpool.py", line 488, in _make_request
    raise new_e
  File "/usr/lib/python_udf/7572a8db11e712fed6beb756e6c14cdfd320d48237f422b7a5b1ae764f1db134/lib/python3.11/site-packages/urllib3/connectionpool.py", line 464, in _make_request
    self._validate_conn(conn)
  File "/usr/lib/python_udf/7572a8db11e712fed6beb756e6c14cdfd320d48237f422b7a5b1ae764f1db134/lib/python3.11/site-packages/urllib3/connectionpool.py", line 1093, in _validate_conn
    conn.connect()
  File "/usr/lib/python_udf/7572a8db11e712fed6beb756e6c14cdfd320d48237f422b7a5b1ae764f1db134/lib/python3.11/site-packages/urllib3/connection.py", line 704, in connect
    self.sock = sock = self._new_conn()
                       ^^^^^^^^^^^^^^^^
  File "/usr/lib/python_udf/7572a8db11e712fed6beb756e6c14cdfd320d48237f422b7a5b1ae764f1db134/lib/python3.11/site-packages/urllib3/connection.py", line 213, in _new_conn
    raise NewConnectionError(
urllib3.exceptions.NewConnectionError: <urllib3.connection.HTTPSConnection object at 0xf7a26d8fb210>: Failed to establish a new connection: [Errno 16] Device or resource busy

The above exception was the direct cause of the following exception:

Traceback (most recent call last):
  File "/usr/lib/python_udf/7572a8db11e712fed6beb756e6c14cdfd320d48237f422b7a5b1ae764f1db134/lib/python3.11/site-packages/requests/adapters.py", line 667, in send
    resp = conn.urlopen(
           ^^^^^^^^^^^^^
  File "/usr/lib/python_udf/7572a8db11e712fed6beb756e6c14cdfd320d48237f422b7a5b1ae764f1db134/lib/python3.11/site-packages/urllib3/connectionpool.py", line 841, in urlopen
    retries = retries.increment(
              ^^^^^^^^^^^^^^^^^^
  File "/usr/lib/python_udf/7572a8db11e712fed6beb756e6c14cdfd320d48237f422b7a5b1ae764f1db134/lib/python3.11/site-packages/urllib3/util/retry.py", line 519, in increment
    raise MaxRetryError(_pool, url, reason) from reason  # type: ignore[arg-type]
    ^^^^^^^^^^^^^^^^^^^^^^^^^^^^^^^^^^^^^^^^^^^^^^^^^^^
urllib3.exceptions.MaxRetryError: HTTPSConnectionPool(host='hub.getdbt.com', port=443): Max retries exceeded with url: /api/v1/index.json (Caused by NewConnectionError('<urllib3.connection.HTTPSConnection object at 0xf7a26d8fb210>: Failed to establish a new connection: [Errno 16] Device or resource busy'))

During handling of the above exception, another exception occurred:

Traceback (most recent call last):
  File "/usr/lib/python_udf/7572a8db11e712fed6beb756e6c14cdfd320d48237f422b7a5b1ae764f1db134/lib/python3.11/site-packages/dbt_common/utils/connection.py", line 21, in connection_exception_retry
    return fn()
           ^^^^
  File "/usr/lib/python_udf/7572a8db11e712fed6beb756e6c14cdfd320d48237f422b7a5b1ae764f1db134/lib/python3.11/site-packages/dbt/clients/registry.py", line 168, in _get_index
    resp = requests.get(url, timeout=30)
           ^^^^^^^^^^^^^^^^^^^^^^^^^^^^^
  File "/usr/lib/python_udf/7572a8db11e712fed6beb756e6c14cdfd320d48237f422b7a5b1ae764f1db134/lib/python3.11/site-packages/requests/api.py", line 73, in get
    return request("get", url, params=params, **kwargs)
           ^^^^^^^^^^^^^^^^^^^^^^^^^^^^^^^^^^^^^^^^^^^^
  File "/usr/lib/python_udf/7572a8db11e712fed6beb756e6c14cdfd320d48237f422b7a5b1ae764f1db134/lib/python3.11/site-packages/requests/api.py", line 59, in request
    return session.request(method=method, url=url, **kwargs)
           ^^^^^^^^^^^^^^^^^^^^^^^^^^^^^^^^^^^^^^^^^^^^^^^^^
  File "/usr/lib/python_udf/7572a8db11e712fed6beb756e6c14cdfd320d48237f422b7a5b1ae764f1db134/lib/python3.11/site-packages/requests/sessions.py", line 589, in request
    resp = self.send(prep, **send_kwargs)
           ^^^^^^^^^^^^^^^^^^^^^^^^^^^^^^
  File "/usr/lib/python_udf/7572a8db11e712fed6beb756e6c14cdfd320d48237f422b7a5b1ae764f1db134/lib/python3.11/site-packages/requests/sessions.py", line 703, in send
    r = adapter.send(request, **kwargs)
        ^^^^^^^^^^^^^^^^^^^^^^^^^^^^^^^
  File "/usr/lib/python_udf/7572a8db11e712fed6beb756e6c14cdfd320d48237f422b7a5b1ae764f1db134/lib/python3.11/site-packages/requests/adapters.py", line 700, in send
    raise ConnectionError(e, request=request)
requests.exceptions.ConnectionError: HTTPSConnectionPool(host='hub.getdbt.com', port=443): Max retries exceeded with url: /api/v1/index.json (Caused by NewConnectionError('<urllib3.connection.HTTPSConnection object at 0xf7a26d8fb210>: Failed to establish a new connection: [Errno 16] Device or resource busy'))

During handling of the above exception, another exception occurred:

Traceback (most recent call last):
  File "/usr/lib/python_udf/7572a8db11e712fed6beb756e6c14cdfd320d48237f422b7a5b1ae764f1db134/lib/python3.11/site-packages/urllib3/connection.py", line 198, in _new_conn
    sock = connection.create_connection(
           ^^^^^^^^^^^^^^^^^^^^^^^^^^^^^
  File "/usr/lib/python_udf/7572a8db11e712fed6beb756e6c14cdfd320d48237f422b7a5b1ae764f1db134/lib/python3.11/site-packages/urllib3/util/connection.py", line 60, in create_connection
    for res in socket.getaddrinfo(host, port, family, socket.SOCK_STREAM):
               ^^^^^^^^^^^^^^^^^^^^^^^^^^^^^^^^^^^^^^^^^^^^^^^^^^^^^^^^^^
  File "/usr/lib/python_udf/7572a8db11e712fed6beb756e6c14cdfd320d48237f422b7a5b1ae764f1db134/lib/python3.11/socket.py", line 974, in getaddrinfo
    for res in _socket.getaddrinfo(host, port, family, type, proto, flags):
               ^^^^^^^^^^^^^^^^^^^^^^^^^^^^^^^^^^^^^^^^^^^^^^^^^^^^^^^^^^^
OSError: [Errno 16] Device or resource busy

The above exception was the direct cause of the following exception:

Traceback (most recent call last):
  File "/usr/lib/python_udf/7572a8db11e712fed6beb756e6c14cdfd320d48237f422b7a5b1ae764f1db134/lib/python3.11/site-packages/urllib3/connectionpool.py", line 787, in urlopen
    response = self._make_request(
               ^^^^^^^^^^^^^^^^^^^
  File "/usr/lib/python_udf/7572a8db11e712fed6beb756e6c14cdfd320d48237f422b7a5b1ae764f1db134/lib/python3.11/site-packages/urllib3/connectionpool.py", line 488, in _make_request
    raise new_e
  File "/usr/lib/python_udf/7572a8db11e712fed6beb756e6c14cdfd320d48237f422b7a5b1ae764f1db134/lib/python3.11/site-packages/urllib3/connectionpool.py", line 464, in _make_request
    self._validate_conn(conn)
  File "/usr/lib/python_udf/7572a8db11e712fed6beb756e6c14cdfd320d48237f422b7a5b1ae764f1db134/lib/python3.11/site-packages/urllib3/connectionpool.py", line 1093, in _validate_conn
    conn.connect()
  File "/usr/lib/python_udf/7572a8db11e712fed6beb756e6c14cdfd320d48237f422b7a5b1ae764f1db134/lib/python3.11/site-packages/urllib3/connection.py", line 704, in connect
    self.sock = sock = self._new_conn()
                       ^^^^^^^^^^^^^^^^
  File "/usr/lib/python_udf/7572a8db11e712fed6beb756e6c14cdfd320d48237f422b7a5b1ae764f1db134/lib/python3.11/site-packages/urllib3/connection.py", line 213, in _new_conn
    raise NewConnectionError(
urllib3.exceptions.NewConnectionError: <urllib3.connection.HTTPSConnection object at 0xf7a26d6912d0>: Failed to establish a new connection: [Errno 16] Device or resource busy

The above exception was the direct cause of the following exception:

Traceback (most recent call last):
  File "/usr/lib/python_udf/7572a8db11e712fed6beb756e6c14cdfd320d48237f422b7a5b1ae764f1db134/lib/python3.11/site-packages/requests/adapters.py", line 667, in send
    resp = conn.urlopen(
           ^^^^^^^^^^^^^
  File "/usr/lib/python_udf/7572a8db11e712fed6beb756e6c14cdfd320d48237f422b7a5b1ae764f1db134/lib/python3.11/site-packages/urllib3/connectionpool.py", line 841, in urlopen
    retries = retries.increment(
              ^^^^^^^^^^^^^^^^^^
  File "/usr/lib/python_udf/7572a8db11e712fed6beb756e6c14cdfd320d48237f422b7a5b1ae764f1db134/lib/python3.11/site-packages/urllib3/util/retry.py", line 519, in increment
    raise MaxRetryError(_pool, url, reason) from reason  # type: ignore[arg-type]
    ^^^^^^^^^^^^^^^^^^^^^^^^^^^^^^^^^^^^^^^^^^^^^^^^^^^
urllib3.exceptions.MaxRetryError: HTTPSConnectionPool(host='hub.getdbt.com', port=443): Max retries exceeded with url: /api/v1/index.json (Caused by NewConnectionError('<urllib3.connection.HTTPSConnection object at 0xf7a26d6912d0>: Failed to establish a new connection: [Errno 16] Device or resource busy'))

During handling of the above exception, another exception occurred:

Traceback (most recent call last):
  File "/usr/lib/python_udf/7572a8db11e712fed6beb756e6c14cdfd320d48237f422b7a5b1ae764f1db134/lib/python3.11/site-packages/dbt_common/utils/connection.py", line 21, in connection_exception_retry
    return fn()
           ^^^^
  File "/usr/lib/python_udf/7572a8db11e712fed6beb756e6c14cdfd320d48237f422b7a5b1ae764f1db134/lib/python3.11/site-packages/dbt/clients/registry.py", line 168, in _get_index
    resp = requests.get(url, timeout=30)
           ^^^^^^^^^^^^^^^^^^^^^^^^^^^^^
  File "/usr/lib/python_udf/7572a8db11e712fed6beb756e6c14cdfd320d48237f422b7a5b1ae764f1db134/lib/python3.11/site-packages/requests/api.py", line 73, in get
    return request("get", url, params=params, **kwargs)
           ^^^^^^^^^^^^^^^^^^^^^^^^^^^^^^^^^^^^^^^^^^^^
  File "/usr/lib/python_udf/7572a8db11e712fed6beb756e6c14cdfd320d48237f422b7a5b1ae764f1db134/lib/python3.11/site-packages/requests/api.py", line 59, in request
    return session.request(method=method, url=url, **kwargs)
           ^^^^^^^^^^^^^^^^^^^^^^^^^^^^^^^^^^^^^^^^^^^^^^^^^
  File "/usr/lib/python_udf/7572a8db11e712fed6beb756e6c14cdfd320d48237f422b7a5b1ae764f1db134/lib/python3.11/site-packages/requests/sessions.py", line 589, in request
    resp = self.send(prep, **send_kwargs)
           ^^^^^^^^^^^^^^^^^^^^^^^^^^^^^^
  File "/usr/lib/python_udf/7572a8db11e712fed6beb756e6c14cdfd320d48237f422b7a5b1ae764f1db134/lib/python3.11/site-packages/requests/sessions.py", line 703, in send
    r = adapter.send(request, **kwargs)
        ^^^^^^^^^^^^^^^^^^^^^^^^^^^^^^^
  File "/usr/lib/python_udf/7572a8db11e712fed6beb756e6c14cdfd320d48237f422b7a5b1ae764f1db134/lib/python3.11/site-packages/requests/adapters.py", line 700, in send
    raise ConnectionError(e, request=request)
requests.exceptions.ConnectionError: HTTPSConnectionPool(host='hub.getdbt.com', port=443): Max retries exceeded with url: /api/v1/index.json (Caused by NewConnectionError('<urllib3.connection.HTTPSConnection object at 0xf7a26d6912d0>: Failed to establish a new connection: [Errno 16] Device or resource busy'))

During handling of the above exception, another exception occurred:

Traceback (most recent call last):
  File "/usr/lib/python_udf/7572a8db11e712fed6beb756e6c14cdfd320d48237f422b7a5b1ae764f1db134/lib/python3.11/site-packages/urllib3/connection.py", line 198, in _new_conn
    sock = connection.create_connection(
           ^^^^^^^^^^^^^^^^^^^^^^^^^^^^^
  File "/usr/lib/python_udf/7572a8db11e712fed6beb756e6c14cdfd320d48237f422b7a5b1ae764f1db134/lib/python3.11/site-packages/urllib3/util/connection.py", line 60, in create_connection
    for res in socket.getaddrinfo(host, port, family, socket.SOCK_STREAM):
               ^^^^^^^^^^^^^^^^^^^^^^^^^^^^^^^^^^^^^^^^^^^^^^^^^^^^^^^^^^
  File "/usr/lib/python_udf/7572a8db11e712fed6beb756e6c14cdfd320d48237f422b7a5b1ae764f1db134/lib/python3.11/socket.py", line 974, in getaddrinfo
    for res in _socket.getaddrinfo(host, port, family, type, proto, flags):
               ^^^^^^^^^^^^^^^^^^^^^^^^^^^^^^^^^^^^^^^^^^^^^^^^^^^^^^^^^^^
OSError: [Errno 16] Device or resource busy

The above exception was the direct cause of the following exception:

Traceback (most recent call last):
  File "/usr/lib/python_udf/7572a8db11e712fed6beb756e6c14cdfd320d48237f422b7a5b1ae764f1db134/lib/python3.11/site-packages/urllib3/connectionpool.py", line 787, in urlopen
    response = self._make_request(
               ^^^^^^^^^^^^^^^^^^^
  File "/usr/lib/python_udf/7572a8db11e712fed6beb756e6c14cdfd320d48237f422b7a5b1ae764f1db134/lib/python3.11/site-packages/urllib3/connectionpool.py", line 488, in _make_request
    raise new_e
  File "/usr/lib/python_udf/7572a8db11e712fed6beb756e6c14cdfd320d48237f422b7a5b1ae764f1db134/lib/python3.11/site-packages/urllib3/connectionpool.py", line 464, in _make_request
    self._validate_conn(conn)
  File "/usr/lib/python_udf/7572a8db11e712fed6beb756e6c14cdfd320d48237f422b7a5b1ae764f1db134/lib/python3.11/site-packages/urllib3/connectionpool.py", line 1093, in _validate_conn
    conn.connect()
  File "/usr/lib/python_udf/7572a8db11e712fed6beb756e6c14cdfd320d48237f422b7a5b1ae764f1db134/lib/python3.11/site-packages/urllib3/connection.py", line 704, in connect
    self.sock = sock = self._new_conn()
                       ^^^^^^^^^^^^^^^^
  File "/usr/lib/python_udf/7572a8db11e712fed6beb756e6c14cdfd320d48237f422b7a5b1ae764f1db134/lib/python3.11/site-packages/urllib3/connection.py", line 213, in _new_conn
    raise NewConnectionError(
urllib3.exceptions.NewConnectionError: <urllib3.connection.HTTPSConnection object at 0xf7a26d693110>: Failed to establish a new connection: [Errno 16] Device or resource busy

The above exception was the direct cause of the following exception:

Traceback (most recent call last):
  File "/usr/lib/python_udf/7572a8db11e712fed6beb756e6c14cdfd320d48237f422b7a5b1ae764f1db134/lib/python3.11/site-packages/requests/adapters.py", line 667, in send
    resp = conn.urlopen(
           ^^^^^^^^^^^^^
  File "/usr/lib/python_udf/7572a8db11e712fed6beb756e6c14cdfd320d48237f422b7a5b1ae764f1db134/lib/python3.11/site-packages/urllib3/connectionpool.py", line 841, in urlopen
    retries = retries.increment(
              ^^^^^^^^^^^^^^^^^^
  File "/usr/lib/python_udf/7572a8db11e712fed6beb756e6c14cdfd320d48237f422b7a5b1ae764f1db134/lib/python3.11/site-packages/urllib3/util/retry.py", line 519, in increment
    raise MaxRetryError(_pool, url, reason) from reason  # type: ignore[arg-type]
    ^^^^^^^^^^^^^^^^^^^^^^^^^^^^^^^^^^^^^^^^^^^^^^^^^^^
urllib3.exceptions.MaxRetryError: HTTPSConnectionPool(host='hub.getdbt.com', port=443): Max retries exceeded with url: /api/v1/index.json (Caused by NewConnectionError('<urllib3.connection.HTTPSConnection object at 0xf7a26d693110>: Failed to establish a new connection: [Errno 16] Device or resource busy'))

During handling of the above exception, another exception occurred:

Traceback (most recent call last):
  File "/usr/lib/python_udf/7572a8db11e712fed6beb756e6c14cdfd320d48237f422b7a5b1ae764f1db134/lib/python3.11/site-packages/dbt_common/utils/connection.py", line 21, in connection_exception_retry
    return fn()
           ^^^^
  File "/usr/lib/python_udf/7572a8db11e712fed6beb756e6c14cdfd320d48237f422b7a5b1ae764f1db134/lib/python3.11/site-packages/dbt/clients/registry.py", line 168, in _get_index
    resp = requests.get(url, timeout=30)
           ^^^^^^^^^^^^^^^^^^^^^^^^^^^^^
  File "/usr/lib/python_udf/7572a8db11e712fed6beb756e6c14cdfd320d48237f422b7a5b1ae764f1db134/lib/python3.11/site-packages/requests/api.py", line 73, in get
    return request("get", url, params=params, **kwargs)
           ^^^^^^^^^^^^^^^^^^^^^^^^^^^^^^^^^^^^^^^^^^^^
  File "/usr/lib/python_udf/7572a8db11e712fed6beb756e6c14cdfd320d48237f422b7a5b1ae764f1db134/lib/python3.11/site-packages/requests/api.py", line 59, in request
    return session.request(method=method, url=url, **kwargs)
           ^^^^^^^^^^^^^^^^^^^^^^^^^^^^^^^^^^^^^^^^^^^^^^^^^
  File "/usr/lib/python_udf/7572a8db11e712fed6beb756e6c14cdfd320d48237f422b7a5b1ae764f1db134/lib/python3.11/site-packages/requests/sessions.py", line 589, in request
    resp = self.send(prep, **send_kwargs)
           ^^^^^^^^^^^^^^^^^^^^^^^^^^^^^^
  File "/usr/lib/python_udf/7572a8db11e712fed6beb756e6c14cdfd320d48237f422b7a5b1ae764f1db134/lib/python3.11/site-packages/requests/sessions.py", line 703, in send
    r = adapter.send(request, **kwargs)
        ^^^^^^^^^^^^^^^^^^^^^^^^^^^^^^^
  File "/usr/lib/python_udf/7572a8db11e712fed6beb756e6c14cdfd320d48237f422b7a5b1ae764f1db134/lib/python3.11/site-packages/requests/adapters.py", line 700, in send
    raise ConnectionError(e, request=request)
requests.exceptions.ConnectionError: HTTPSConnectionPool(host='hub.getdbt.com', port=443): Max retries exceeded with url: /api/v1/index.json (Caused by NewConnectionError('<urllib3.connection.HTTPSConnection object at 0xf7a26d693110>: Failed to establish a new connection: [Errno 16] Device or resource busy'))

During handling of the above exception, another exception occurred:

Traceback (most recent call last):
  File "/usr/lib/python_udf/7572a8db11e712fed6beb756e6c14cdfd320d48237f422b7a5b1ae764f1db134/lib/python3.11/site-packages/urllib3/connection.py", line 198, in _new_conn
    sock = connection.create_connection(
           ^^^^^^^^^^^^^^^^^^^^^^^^^^^^^
  File "/usr/lib/python_udf/7572a8db11e712fed6beb756e6c14cdfd320d48237f422b7a5b1ae764f1db134/lib/python3.11/site-packages/urllib3/util/connection.py", line 60, in create_connection
    for res in socket.getaddrinfo(host, port, family, socket.SOCK_STREAM):
               ^^^^^^^^^^^^^^^^^^^^^^^^^^^^^^^^^^^^^^^^^^^^^^^^^^^^^^^^^^
  File "/usr/lib/python_udf/7572a8db11e712fed6beb756e6c14cdfd320d48237f422b7a5b1ae764f1db134/lib/python3.11/socket.py", line 974, in getaddrinfo
    for res in _socket.getaddrinfo(host, port, family, type, proto, flags):
               ^^^^^^^^^^^^^^^^^^^^^^^^^^^^^^^^^^^^^^^^^^^^^^^^^^^^^^^^^^^
OSError: [Errno 16] Device or resource busy

The above exception was the direct cause of the following exception:

Traceback (most recent call last):
  File "/usr/lib/python_udf/7572a8db11e712fed6beb756e6c14cdfd320d48237f422b7a5b1ae764f1db134/lib/python3.11/site-packages/urllib3/connectionpool.py", line 787, in urlopen
    response = self._make_request(
               ^^^^^^^^^^^^^^^^^^^
  File "/usr/lib/python_udf/7572a8db11e712fed6beb756e6c14cdfd320d48237f422b7a5b1ae764f1db134/lib/python3.11/site-packages/urllib3/connectionpool.py", line 488, in _make_request
    raise new_e
  File "/usr/lib/python_udf/7572a8db11e712fed6beb756e6c14cdfd320d48237f422b7a5b1ae764f1db134/lib/python3.11/site-packages/urllib3/connectionpool.py", line 464, in _make_request
    self._validate_conn(conn)
  File "/usr/lib/python_udf/7572a8db11e712fed6beb756e6c14cdfd320d48237f422b7a5b1ae764f1db134/lib/python3.11/site-packages/urllib3/connectionpool.py", line 1093, in _validate_conn
    conn.connect()
  File "/usr/lib/python_udf/7572a8db11e712fed6beb756e6c14cdfd320d48237f422b7a5b1ae764f1db134/lib/python3.11/site-packages/urllib3/connection.py", line 704, in connect
    self.sock = sock = self._new_conn()
                       ^^^^^^^^^^^^^^^^
  File "/usr/lib/python_udf/7572a8db11e712fed6beb756e6c14cdfd320d48237f422b7a5b1ae764f1db134/lib/python3.11/site-packages/urllib3/connection.py", line 213, in _new_conn
    raise NewConnectionError(
urllib3.exceptions.NewConnectionError: <urllib3.connection.HTTPSConnection object at 0xf7a26d694a50>: Failed to establish a new connection: [Errno 16] Device or resource busy

The above exception was the direct cause of the following exception:

Traceback (most recent call last):
  File "/usr/lib/python_udf/7572a8db11e712fed6beb756e6c14cdfd320d48237f422b7a5b1ae764f1db134/lib/python3.11/site-packages/requests/adapters.py", line 667, in send
    resp = conn.urlopen(
           ^^^^^^^^^^^^^
  File "/usr/lib/python_udf/7572a8db11e712fed6beb756e6c14cdfd320d48237f422b7a5b1ae764f1db134/lib/python3.11/site-packages/urllib3/connectionpool.py", line 841, in urlopen
    retries = retries.increment(
              ^^^^^^^^^^^^^^^^^^
  File "/usr/lib/python_udf/7572a8db11e712fed6beb756e6c14cdfd320d48237f422b7a5b1ae764f1db134/lib/python3.11/site-packages/urllib3/util/retry.py", line 519, in increment
    raise MaxRetryError(_pool, url, reason) from reason  # type: ignore[arg-type]
    ^^^^^^^^^^^^^^^^^^^^^^^^^^^^^^^^^^^^^^^^^^^^^^^^^^^
urllib3.exceptions.MaxRetryError: HTTPSConnectionPool(host='hub.getdbt.com', port=443): Max retries exceeded with url: /api/v1/index.json (Caused by NewConnectionError('<urllib3.connection.HTTPSConnection object at 0xf7a26d694a50>: Failed to establish a new connection: [Errno 16] Device or resource busy'))

During handling of the above exception, another exception occurred:

Traceback (most recent call last):
  File "/usr/lib/python_udf/7572a8db11e712fed6beb756e6c14cdfd320d48237f422b7a5b1ae764f1db134/lib/python3.11/site-packages/dbt_common/utils/connection.py", line 21, in connection_exception_retry
    return fn()
           ^^^^
  File "/usr/lib/python_udf/7572a8db11e712fed6beb756e6c14cdfd320d48237f422b7a5b1ae764f1db134/lib/python3.11/site-packages/dbt/clients/registry.py", line 168, in _get_index
    resp = requests.get(url, timeout=30)
           ^^^^^^^^^^^^^^^^^^^^^^^^^^^^^
  File "/usr/lib/python_udf/7572a8db11e712fed6beb756e6c14cdfd320d48237f422b7a5b1ae764f1db134/lib/python3.11/site-packages/requests/api.py", line 73, in get
    return request("get", url, params=params, **kwargs)
           ^^^^^^^^^^^^^^^^^^^^^^^^^^^^^^^^^^^^^^^^^^^^
  File "/usr/lib/python_udf/7572a8db11e712fed6beb756e6c14cdfd320d48237f422b7a5b1ae764f1db134/lib/python3.11/site-packages/requests/api.py", line 59, in request
    return session.request(method=method, url=url, **kwargs)
           ^^^^^^^^^^^^^^^^^^^^^^^^^^^^^^^^^^^^^^^^^^^^^^^^^
  File "/usr/lib/python_udf/7572a8db11e712fed6beb756e6c14cdfd320d48237f422b7a5b1ae764f1db134/lib/python3.11/site-packages/requests/sessions.py", line 589, in request
    resp = self.send(prep, **send_kwargs)
           ^^^^^^^^^^^^^^^^^^^^^^^^^^^^^^
  File "/usr/lib/python_udf/7572a8db11e712fed6beb756e6c14cdfd320d48237f422b7a5b1ae764f1db134/lib/python3.11/site-packages/requests/sessions.py", line 703, in send
    r = adapter.send(request, **kwargs)
        ^^^^^^^^^^^^^^^^^^^^^^^^^^^^^^^
  File "/usr/lib/python_udf/7572a8db11e712fed6beb756e6c14cdfd320d48237f422b7a5b1ae764f1db134/lib/python3.11/site-packages/requests/adapters.py", line 700, in send
    raise ConnectionError(e, request=request)
requests.exceptions.ConnectionError: HTTPSConnectionPool(host='hub.getdbt.com', port=443): Max retries exceeded with url: /api/v1/index.json (Caused by NewConnectionError('<urllib3.connection.HTTPSConnection object at 0xf7a26d694a50>: Failed to establish a new connection: [Errno 16] Device or resource busy'))

During handling of the above exception, another exception occurred:

Traceback (most recent call last):
  File "/usr/lib/python_udf/7572a8db11e712fed6beb756e6c14cdfd320d48237f422b7a5b1ae764f1db134/lib/python3.11/site-packages/urllib3/connection.py", line 198, in _new_conn
    sock = connection.create_connection(
           ^^^^^^^^^^^^^^^^^^^^^^^^^^^^^
  File "/usr/lib/python_udf/7572a8db11e712fed6beb756e6c14cdfd320d48237f422b7a5b1ae764f1db134/lib/python3.11/site-packages/urllib3/util/connection.py", line 60, in create_connection
    for res in socket.getaddrinfo(host, port, family, socket.SOCK_STREAM):
               ^^^^^^^^^^^^^^^^^^^^^^^^^^^^^^^^^^^^^^^^^^^^^^^^^^^^^^^^^^
  File "/usr/lib/python_udf/7572a8db11e712fed6beb756e6c14cdfd320d48237f422b7a5b1ae764f1db134/lib/python3.11/socket.py", line 974, in getaddrinfo
    for res in _socket.getaddrinfo(host, port, family, type, proto, flags):
               ^^^^^^^^^^^^^^^^^^^^^^^^^^^^^^^^^^^^^^^^^^^^^^^^^^^^^^^^^^^
OSError: [Errno 16] Device or resource busy

The above exception was the direct cause of the following exception:

Traceback (most recent call last):
  File "/usr/lib/python_udf/7572a8db11e712fed6beb756e6c14cdfd320d48237f422b7a5b1ae764f1db134/lib/python3.11/site-packages/urllib3/connectionpool.py", line 787, in urlopen
    response = self._make_request(
               ^^^^^^^^^^^^^^^^^^^
  File "/usr/lib/python_udf/7572a8db11e712fed6beb756e6c14cdfd320d48237f422b7a5b1ae764f1db134/lib/python3.11/site-packages/urllib3/connectionpool.py", line 488, in _make_request
    raise new_e
  File "/usr/lib/python_udf/7572a8db11e712fed6beb756e6c14cdfd320d48237f422b7a5b1ae764f1db134/lib/python3.11/site-packages/urllib3/connectionpool.py", line 464, in _make_request
    self._validate_conn(conn)
  File "/usr/lib/python_udf/7572a8db11e712fed6beb756e6c14cdfd320d48237f422b7a5b1ae764f1db134/lib/python3.11/site-packages/urllib3/connectionpool.py", line 1093, in _validate_conn
    conn.connect()
  File "/usr/lib/python_udf/7572a8db11e712fed6beb756e6c14cdfd320d48237f422b7a5b1ae764f1db134/lib/python3.11/site-packages/urllib3/connection.py", line 704, in connect
    self.sock = sock = self._new_conn()
                       ^^^^^^^^^^^^^^^^
  File "/usr/lib/python_udf/7572a8db11e712fed6beb756e6c14cdfd320d48237f422b7a5b1ae764f1db134/lib/python3.11/site-packages/urllib3/connection.py", line 213, in _new_conn
    raise NewConnectionError(
urllib3.exceptions.NewConnectionError: <urllib3.connection.HTTPSConnection object at 0xf7a26d696890>: Failed to establish a new connection: [Errno 16] Device or resource busy

The above exception was the direct cause of the following exception:

Traceback (most recent call last):
  File "/usr/lib/python_udf/7572a8db11e712fed6beb756e6c14cdfd320d48237f422b7a5b1ae764f1db134/lib/python3.11/site-packages/requests/adapters.py", line 667, in send
    resp = conn.urlopen(
           ^^^^^^^^^^^^^
  File "/usr/lib/python_udf/7572a8db11e712fed6beb756e6c14cdfd320d48237f422b7a5b1ae764f1db134/lib/python3.11/site-packages/urllib3/connectionpool.py", line 841, in urlopen
    retries = retries.increment(
              ^^^^^^^^^^^^^^^^^^
  File "/usr/lib/python_udf/7572a8db11e712fed6beb756e6c14cdfd320d48237f422b7a5b1ae764f1db134/lib/python3.11/site-packages/urllib3/util/retry.py", line 519, in increment
    raise MaxRetryError(_pool, url, reason) from reason  # type: ignore[arg-type]
    ^^^^^^^^^^^^^^^^^^^^^^^^^^^^^^^^^^^^^^^^^^^^^^^^^^^
urllib3.exceptions.MaxRetryError: HTTPSConnectionPool(host='hub.getdbt.com', port=443): Max retries exceeded with url: /api/v1/index.json (Caused by NewConnectionError('<urllib3.connection.HTTPSConnection object at 0xf7a26d696890>: Failed to establish a new connection: [Errno 16] Device or resource busy'))

During handling of the above exception, another exception occurred:

Traceback (most recent call last):
  File "/usr/lib/python_udf/7572a8db11e712fed6beb756e6c14cdfd320d48237f422b7a5b1ae764f1db134/lib/python3.11/site-packages/dbt_common/utils/connection.py", line 21, in connection_exception_retry
    return fn()
           ^^^^
  File "/usr/lib/python_udf/7572a8db11e712fed6beb756e6c14cdfd320d48237f422b7a5b1ae764f1db134/lib/python3.11/site-packages/dbt/clients/registry.py", line 168, in _get_index
    resp = requests.get(url, timeout=30)
           ^^^^^^^^^^^^^^^^^^^^^^^^^^^^^
  File "/usr/lib/python_udf/7572a8db11e712fed6beb756e6c14cdfd320d48237f422b7a5b1ae764f1db134/lib/python3.11/site-packages/requests/api.py", line 73, in get
    return request("get", url, params=params, **kwargs)
           ^^^^^^^^^^^^^^^^^^^^^^^^^^^^^^^^^^^^^^^^^^^^
  File "/usr/lib/python_udf/7572a8db11e712fed6beb756e6c14cdfd320d48237f422b7a5b1ae764f1db134/lib/python3.11/site-packages/requests/api.py", line 59, in request
    return session.request(method=method, url=url, **kwargs)
           ^^^^^^^^^^^^^^^^^^^^^^^^^^^^^^^^^^^^^^^^^^^^^^^^^
  File "/usr/lib/python_udf/7572a8db11e712fed6beb756e6c14cdfd320d48237f422b7a5b1ae764f1db134/lib/python3.11/site-packages/requests/sessions.py", line 589, in request
    resp = self.send(prep, **send_kwargs)
           ^^^^^^^^^^^^^^^^^^^^^^^^^^^^^^
  File "/usr/lib/python_udf/7572a8db11e712fed6beb756e6c14cdfd320d48237f422b7a5b1ae764f1db134/lib/python3.11/site-packages/requests/sessions.py", line 703, in send
    r = adapter.send(request, **kwargs)
        ^^^^^^^^^^^^^^^^^^^^^^^^^^^^^^^
  File "/usr/lib/python_udf/7572a8db11e712fed6beb756e6c14cdfd320d48237f422b7a5b1ae764f1db134/lib/python3.11/site-packages/requests/adapters.py", line 700, in send
    raise ConnectionError(e, request=request)
requests.exceptions.ConnectionError: HTTPSConnectionPool(host='hub.getdbt.com', port=443): Max retries exceeded with url: /api/v1/index.json (Caused by NewConnectionError('<urllib3.connection.HTTPSConnection object at 0xf7a26d696890>: Failed to establish a new connection: [Errno 16] Device or resource busy'))

During handling of the above exception, another exception occurred:

Traceback (most recent call last):
  File "/usr/lib/python_udf/7572a8db11e712fed6beb756e6c14cdfd320d48237f422b7a5b1ae764f1db134/lib/python3.11/site-packages/urllib3/connection.py", line 198, in _new_conn
    sock = connection.create_connection(
           ^^^^^^^^^^^^^^^^^^^^^^^^^^^^^
  File "/usr/lib/python_udf/7572a8db11e712fed6beb756e6c14cdfd320d48237f422b7a5b1ae764f1db134/lib/python3.11/site-packages/urllib3/util/connection.py", line 60, in create_connection
    for res in socket.getaddrinfo(host, port, family, socket.SOCK_STREAM):
               ^^^^^^^^^^^^^^^^^^^^^^^^^^^^^^^^^^^^^^^^^^^^^^^^^^^^^^^^^^
  File "/usr/lib/python_udf/7572a8db11e712fed6beb756e6c14cdfd320d48237f422b7a5b1ae764f1db134/lib/python3.11/socket.py", line 974, in getaddrinfo
    for res in _socket.getaddrinfo(host, port, family, type, proto, flags):
               ^^^^^^^^^^^^^^^^^^^^^^^^^^^^^^^^^^^^^^^^^^^^^^^^^^^^^^^^^^^
OSError: [Errno 16] Device or resource busy

The above exception was the direct cause of the following exception:

Traceback (most recent call last):
  File "/usr/lib/python_udf/7572a8db11e712fed6beb756e6c14cdfd320d48237f422b7a5b1ae764f1db134/lib/python3.11/site-packages/urllib3/connectionpool.py", line 787, in urlopen
    response = self._make_request(
               ^^^^^^^^^^^^^^^^^^^
  File "/usr/lib/python_udf/7572a8db11e712fed6beb756e6c14cdfd320d48237f422b7a5b1ae764f1db134/lib/python3.11/site-packages/urllib3/connectionpool.py", line 488, in _make_request
    raise new_e
  File "/usr/lib/python_udf/7572a8db11e712fed6beb756e6c14cdfd320d48237f422b7a5b1ae764f1db134/lib/python3.11/site-packages/urllib3/connectionpool.py", line 464, in _make_request
    self._validate_conn(conn)
  File "/usr/lib/python_udf/7572a8db11e712fed6beb756e6c14cdfd320d48237f422b7a5b1ae764f1db134/lib/python3.11/site-packages/urllib3/connectionpool.py", line 1093, in _validate_conn
    conn.connect()
  File "/usr/lib/python_udf/7572a8db11e712fed6beb756e6c14cdfd320d48237f422b7a5b1ae764f1db134/lib/python3.11/site-packages/urllib3/connection.py", line 704, in connect
    self.sock = sock = self._new_conn()
                       ^^^^^^^^^^^^^^^^
  File "/usr/lib/python_udf/7572a8db11e712fed6beb756e6c14cdfd320d48237f422b7a5b1ae764f1db134/lib/python3.11/site-packages/urllib3/connection.py", line 213, in _new_conn
    raise NewConnectionError(
urllib3.exceptions.NewConnectionError: <urllib3.connection.HTTPSConnection object at 0xf7a26d6a0750>: Failed to establish a new connection: [Errno 16] Device or resource busy

The above exception was the direct cause of the following exception:

Traceback (most recent call last):
  File "/usr/lib/python_udf/7572a8db11e712fed6beb756e6c14cdfd320d48237f422b7a5b1ae764f1db134/lib/python3.11/site-packages/requests/adapters.py", line 667, in send
    resp = conn.urlopen(
           ^^^^^^^^^^^^^
  File "/usr/lib/python_udf/7572a8db11e712fed6beb756e6c14cdfd320d48237f422b7a5b1ae764f1db134/lib/python3.11/site-packages/urllib3/connectionpool.py", line 841, in urlopen
    retries = retries.increment(
              ^^^^^^^^^^^^^^^^^^
  File "/usr/lib/python_udf/7572a8db11e712fed6beb756e6c14cdfd320d48237f422b7a5b1ae764f1db134/lib/python3.11/site-packages/urllib3/util/retry.py", line 519, in increment
    raise MaxRetryError(_pool, url, reason) from reason  # type: ignore[arg-type]
    ^^^^^^^^^^^^^^^^^^^^^^^^^^^^^^^^^^^^^^^^^^^^^^^^^^^
urllib3.exceptions.MaxRetryError: HTTPSConnectionPool(host='hub.getdbt.com', port=443): Max retries exceeded with url: /api/v1/index.json (Caused by NewConnectionError('<urllib3.connection.HTTPSConnection object at 0xf7a26d6a0750>: Failed to establish a new connection: [Errno 16] Device or resource busy'))

During handling of the above exception, another exception occurred:

Traceback (most recent call last):
  File "/usr/lib/python_udf/7572a8db11e712fed6beb756e6c14cdfd320d48237f422b7a5b1ae764f1db134/lib/python3.11/site-packages/dbt_common/utils/connection.py", line 21, in connection_exception_retry
    return fn()
           ^^^^
  File "/usr/lib/python_udf/7572a8db11e712fed6beb756e6c14cdfd320d48237f422b7a5b1ae764f1db134/lib/python3.11/site-packages/dbt/clients/registry.py", line 168, in _get_index
    resp = requests.get(url, timeout=30)
           ^^^^^^^^^^^^^^^^^^^^^^^^^^^^^
  File "/usr/lib/python_udf/7572a8db11e712fed6beb756e6c14cdfd320d48237f422b7a5b1ae764f1db134/lib/python3.11/site-packages/requests/api.py", line 73, in get
    return request("get", url, params=params, **kwargs)
           ^^^^^^^^^^^^^^^^^^^^^^^^^^^^^^^^^^^^^^^^^^^^
  File "/usr/lib/python_udf/7572a8db11e712fed6beb756e6c14cdfd320d48237f422b7a5b1ae764f1db134/lib/python3.11/site-packages/requests/api.py", line 59, in request
    return session.request(method=method, url=url, **kwargs)
           ^^^^^^^^^^^^^^^^^^^^^^^^^^^^^^^^^^^^^^^^^^^^^^^^^
  File "/usr/lib/python_udf/7572a8db11e712fed6beb756e6c14cdfd320d48237f422b7a5b1ae764f1db134/lib/python3.11/site-packages/requests/sessions.py", line 589, in request
    resp = self.send(prep, **send_kwargs)
           ^^^^^^^^^^^^^^^^^^^^^^^^^^^^^^
  File "/usr/lib/python_udf/7572a8db11e712fed6beb756e6c14cdfd320d48237f422b7a5b1ae764f1db134/lib/python3.11/site-packages/requests/sessions.py", line 703, in send
    r = adapter.send(request, **kwargs)
        ^^^^^^^^^^^^^^^^^^^^^^^^^^^^^^^
  File "/usr/lib/python_udf/7572a8db11e712fed6beb756e6c14cdfd320d48237f422b7a5b1ae764f1db134/lib/python3.11/site-packages/requests/adapters.py", line 700, in send
    raise ConnectionError(e, request=request)
requests.exceptions.ConnectionError: HTTPSConnectionPool(host='hub.getdbt.com', port=443): Max retries exceeded with url: /api/v1/index.json (Caused by NewConnectionError('<urllib3.connection.HTTPSConnection object at 0xf7a26d6a0750>: Failed to establish a new connection: [Errno 16] Device or resource busy'))

During handling of the above exception, another exception occurred:

Traceback (most recent call last):
  File "/usr/lib/python_udf/7572a8db11e712fed6beb756e6c14cdfd320d48237f422b7a5b1ae764f1db134/lib/python3.11/site-packages/dbt/cli/requires.py", line 153, in wrapper
    result, success = func(*args, **kwargs)
                      ^^^^^^^^^^^^^^^^^^^^^
  File "/usr/lib/python_udf/7572a8db11e712fed6beb756e6c14cdfd320d48237f422b7a5b1ae764f1db134/lib/python3.11/site-packages/dbt/cli/requires.py", line 103, in wrapper
    return func(*args, **kwargs)
           ^^^^^^^^^^^^^^^^^^^^^
  File "/usr/lib/python_udf/7572a8db11e712fed6beb756e6c14cdfd320d48237f422b7a5b1ae764f1db134/lib/python3.11/site-packages/dbt/cli/requires.py", line 218, in wrapper
    return func(*args, **kwargs)
           ^^^^^^^^^^^^^^^^^^^^^
  File "/usr/lib/python_udf/7572a8db11e712fed6beb756e6c14cdfd320d48237f422b7a5b1ae764f1db134/lib/python3.11/site-packages/dbt/cli/requires.py", line 264, in wrapper
    return func(*args, **kwargs)
           ^^^^^^^^^^^^^^^^^^^^^
  File "/usr/lib/python_udf/7572a8db11e712fed6beb756e6c14cdfd320d48237f422b7a5b1ae764f1db134/lib/python3.11/site-packages/dbt/cli/main.py", line 455, in deps
    results = task.run()
              ^^^^^^^^^^
  File "/usr/lib/python_udf/7572a8db11e712fed6beb756e6c14cdfd320d48237f422b7a5b1ae764f1db134/lib/python3.11/site-packages/dbt/task/deps.py", line 243, in run
    lock_defined_deps = resolve_lock_packages(packages_lock_config)
                        ^^^^^^^^^^^^^^^^^^^^^^^^^^^^^^^^^^^^^^^^^^^
  File "/usr/lib/python_udf/7572a8db11e712fed6beb756e6c14cdfd320d48237f422b7a5b1ae764f1db134/lib/python3.11/site-packages/dbt/deps/resolver.py", line 147, in resolve_lock_packages
    resolved = final.resolved()
               ^^^^^^^^^^^^^^^^
  File "/usr/lib/python_udf/7572a8db11e712fed6beb756e6c14cdfd320d48237f422b7a5b1ae764f1db134/lib/python3.11/site-packages/dbt/deps/resolver.py", line 95, in resolved
    return [p.resolved() for p in self.packages.values()]
           ^^^^^^^^^^^^^^^^^^^^^^^^^^^^^^^^^^^^^^^^^^^^^^
  File "/usr/lib/python_udf/7572a8db11e712fed6beb756e6c14cdfd320d48237f422b7a5b1ae764f1db134/lib/python3.11/site-packages/dbt/deps/resolver.py", line 95, in <listcomp>
    return [p.resolved() for p in self.packages.values()]
            ^^^^^^^^^^^^
  File "/usr/lib/python_udf/7572a8db11e712fed6beb756e6c14cdfd320d48237f422b7a5b1ae764f1db134/lib/python3.11/site-packages/dbt/deps/registry.py", line 98, in resolved
    self._check_in_index()
  File "/usr/lib/python_udf/7572a8db11e712fed6beb756e6c14cdfd320d48237f422b7a5b1ae764f1db134/lib/python3.11/site-packages/dbt/deps/registry.py", line 75, in _check_in_index
    index = registry.index_cached()
            ^^^^^^^^^^^^^^^^^^^^^^^
  File "/usr/lib/python_udf/7572a8db11e712fed6beb756e6c14cdfd320d48237f422b7a5b1ae764f1db134/lib/python3.11/site-packages/dbt/utils.py", line 127, in __call__
    value = self.func(*args)
            ^^^^^^^^^^^^^^^^
  File "/usr/lib/python_udf/7572a8db11e712fed6beb756e6c14cdfd320d48237f422b7a5b1ae764f1db134/lib/python3.11/site-packages/dbt/clients/registry.py", line 189, in index
    return connection_exception_retry(get_index_fn, 5)
           ^^^^^^^^^^^^^^^^^^^^^^^^^^^^^^^^^^^^^^^^^^^
  File "/usr/lib/python_udf/7572a8db11e712fed6beb756e6c14cdfd320d48237f422b7a5b1ae764f1db134/lib/python3.11/site-packages/dbt_common/utils/connection.py", line 34, in connection_exception_retry
    return connection_exception_retry(fn, max_attempts, attempt + 1)
           ^^^^^^^^^^^^^^^^^^^^^^^^^^^^^^^^^^^^^^^^^^^^^^^^^^^^^^^^^
  File "/usr/lib/python_udf/7572a8db11e712fed6beb756e6c14cdfd320d48237f422b7a5b1ae764f1db134/lib/python3.11/site-packages/dbt_common/utils/connection.py", line 34, in connection_exception_retry
    return connection_exception_retry(fn, max_attempts, attempt + 1)
           ^^^^^^^^^^^^^^^^^^^^^^^^^^^^^^^^^^^^^^^^^^^^^^^^^^^^^^^^^
  File "/usr/lib/python_udf/7572a8db11e712fed6beb756e6c14cdfd320d48237f422b7a5b1ae764f1db134/lib/python3.11/site-packages/dbt_common/utils/connection.py", line 34, in connection_exception_retry
    return connection_exception_retry(fn, max_attempts, attempt + 1)
           ^^^^^^^^^^^^^^^^^^^^^^^^^^^^^^^^^^^^^^^^^^^^^^^^^^^^^^^^^
  [Previous line repeated 2 more times]
  File "/usr/lib/python_udf/7572a8db11e712fed6beb756e6c14cdfd320d48237f422b7a5b1ae764f1db134/lib/python3.11/site-packages/dbt_common/utils/connection.py", line 36, in connection_exception_retry
    raise ConnectionError("External connection exception occurred: " + str(exc))
dbt_common.exceptions.connection.ConnectionError: External connection exception occurred: HTTPSConnectionPool(host='hub.getdbt.com', port=443): Max retries exceeded with url: /api/v1/index.json (Caused by NewConnectionError('<urllib3.connection.HTTPSConnection object at 0xf7a26d6a0750>: Failed to establish a new connection: [Errno 16] Device or resource busy'))

[0m09:45:38.709242 [debug] [Dummy-1   ]: Resource report: {"command_name": "deps", "command_success": false, "command_wall_clock_time": 5.303019, "process_in_blocks": "0", "process_kernel_time": 0.59, "process_mem_max_rss": "407624", "process_out_blocks": "0", "process_user_time": 3.11}
[0m09:45:38.709897 [debug] [Dummy-1   ]: Command `cli deps` failed at 09:45:38.709642 after 5.30 seconds
[0m09:45:38.710420 [debug] [Dummy-1   ]: Flushing usage events


============================== 13:37:20.345428 | f597dc24-7516-46a4-a110-e691da5da528 ==============================
[0m13:37:20.345428 [info ] [Dummy-1   ]: Running with dbt=1.9.4
[0m13:37:20.346397 [debug] [Dummy-1   ]: running dbt with arguments {'printer_width': '80', 'indirect_selection': 'eager', 'log_cache_events': 'False', 'write_json': 'True', 'partial_parse': 'True', 'cache_selected_only': 'False', 'warn_error': 'None', 'version_check': 'True', 'fail_fast': 'False', 'log_path': '/tmp/dbt/logs', 'profiles_dir': '/tmp/dbt_effective_profiles_kridwyj1', 'debug': 'False', 'use_colors': 'True', 'use_experimental_parser': 'False', 'empty': 'None', 'quiet': 'False', 'no_print': 'None', 'warn_error_options': 'WarnErrorOptions(include=[], exclude=[])', 'invocation_command': 'dbt ', 'log_format': 'default', 'introspect': 'True', 'target_path': 'None', 'static_parser': 'True', 'send_anonymous_usage_stats': 'False'}
[0m13:37:20.540441 [debug] [Dummy-1   ]: Set downloads directory='/tmp/dbt-downloads-iz0yj6sf'
[0m13:37:20.541138 [debug] [Dummy-1   ]: Making package index registry request: GET https://hub.getdbt.com/api/v1/index.json
[0m13:37:20.554666 [debug] [Dummy-1   ]: Response from registry index: GET https://hub.getdbt.com/api/v1/index.json 200
[0m13:37:20.555605 [debug] [Dummy-1   ]: Making package registry request: GET https://hub.getdbt.com/api/v1/dbt-labs/dbt_utils.json
[0m13:37:20.573104 [debug] [Dummy-1   ]: Response from registry: GET https://hub.getdbt.com/api/v1/dbt-labs/dbt_utils.json 200
[0m13:37:20.579083 [debug] [Dummy-1   ]: Making package registry request: GET https://hub.getdbt.com/api/v1/Snowflake-Labs/dbt_semantic_view.json
[0m13:37:20.596400 [debug] [Dummy-1   ]: Response from registry: GET https://hub.getdbt.com/api/v1/Snowflake-Labs/dbt_semantic_view.json 200
[0m13:37:20.598179 [info ] [Dummy-1   ]: Installing dbt-labs/dbt_utils
[0m13:37:21.543986 [info ] [Dummy-1   ]: Installed from version 1.3.0
[0m13:37:21.544610 [info ] [Dummy-1   ]: Updated version available: 1.4.1
[0m13:37:21.545191 [info ] [Dummy-1   ]: Installing Snowflake-Labs/dbt_semantic_view
[0m13:37:21.747978 [info ] [Dummy-1   ]: Installed from version 1.0.3
[0m13:37:21.748595 [info ] [Dummy-1   ]: Updated version available: 1.0.6
[0m13:37:21.749145 [info ] [Dummy-1   ]: 
[0m13:37:21.749744 [info ] [Dummy-1   ]: Updates available for packages: ['dbt-labs/dbt_utils', 'Snowflake-Labs/dbt_semantic_view']                 
Update your versions in packages.yml, then run dbt deps
[0m13:37:21.751837 [debug] [Dummy-1   ]: Resource report: {"command_name": "deps", "command_success": true, "command_wall_clock_time": 1.4829413, "process_in_blocks": "0", "process_kernel_time": 0.54, "process_mem_max_rss": "414484", "process_out_blocks": "0", "process_user_time": 3.34}
[0m13:37:21.752479 [debug] [Dummy-1   ]: Command `cli deps` succeeded at 13:37:21.752231 after 1.48 seconds
[0m13:37:21.752997 [debug] [Dummy-1   ]: Flushing usage events


============================== 13:38:30.251853 | cb87cb7b-e0db-4cf0-9fdf-1cc95e8645ec ==============================
[0m13:38:30.251853 [info ] [Dummy-1   ]: Running with dbt=1.9.4
[0m13:38:30.252793 [debug] [Dummy-1   ]: running dbt with arguments {'printer_width': '80', 'indirect_selection': 'eager', 'write_json': 'True', 'log_cache_events': 'False', 'partial_parse': 'True', 'cache_selected_only': 'False', 'profiles_dir': '/tmp/dbt_effective_profiles_rvmglwbh', 'debug': 'False', 'warn_error': 'None', 'log_path': '/tmp/dbt/logs', 'version_check': 'True', 'fail_fast': 'False', 'use_colors': 'True', 'use_experimental_parser': 'False', 'no_print': 'None', 'quiet': 'False', 'empty': 'False', 'warn_error_options': 'WarnErrorOptions(include=[], exclude=[])', 'introspect': 'True', 'invocation_command': 'dbt ', 'static_parser': 'True', 'target_path': 'None', 'log_format': 'default', 'send_anonymous_usage_stats': 'False'}
[0m13:38:30.545798 [info ] [Dummy-1   ]: Registered adapter: snowflake=1.9.2
[0m13:38:31.129139 [debug] [Dummy-1   ]: checksum: d0386c961d148822e25989858a70bb140ca130dc5d9d9ab4513077dae97a3155, vars: {}, profile: , target: dw, version: 1.9.4
[0m13:38:31.130853 [info ] [Dummy-1   ]: Unable to do partial parsing because saved manifest not found. Starting full parse.
[0m13:38:31.230162 [error] [Dummy-1   ]: Encountered an error:
Compilation Error
  dbt found two macros named "generate_schema_name" in the project "demo".
   To fix this error, rename or remove one of the following macros:
      - macros/generate_schema_name.sql
      - macros/generate_schema_name copy.sql
[0m13:38:31.232008 [debug] [Dummy-1   ]: Resource report: {"command_name": "compile", "command_success": false, "command_wall_clock_time": 1.0572459, "process_in_blocks": "0", "process_kernel_time": 0.9, "process_mem_max_rss": "410080", "process_out_blocks": "0", "process_user_time": 3.69}
[0m13:38:31.232729 [debug] [Dummy-1   ]: Command `cli compile` failed at 13:38:31.232453 after 1.06 seconds
[0m13:38:31.233426 [debug] [Dummy-1   ]: Flushing usage events


============================== 13:40:30.241917 | ab790bf6-9689-4f3a-9139-b5cafeb176c6 ==============================
[0m13:40:30.241917 [info ] [Dummy-1   ]: Running with dbt=1.9.4
[0m13:40:30.242782 [debug] [Dummy-1   ]: running dbt with arguments {'printer_width': '80', 'indirect_selection': 'eager', 'write_json': 'True', 'log_cache_events': 'False', 'partial_parse': 'True', 'cache_selected_only': 'False', 'profiles_dir': '/tmp/dbt_effective_profiles__hxq5n48', 'debug': 'False', 'version_check': 'True', 'log_path': '/tmp/dbt/logs', 'fail_fast': 'False', 'warn_error': 'None', 'use_colors': 'True', 'use_experimental_parser': 'False', 'empty': 'False', 'quiet': 'False', 'no_print': 'None', 'log_format': 'default', 'static_parser': 'True', 'warn_error_options': 'WarnErrorOptions(include=[], exclude=[])', 'invocation_command': 'dbt ', 'target_path': 'None', 'introspect': 'True', 'send_anonymous_usage_stats': 'False'}
[0m13:40:30.522353 [info ] [Dummy-1   ]: Registered adapter: snowflake=1.9.2
[0m13:40:31.066813 [debug] [Dummy-1   ]: checksum: d0386c961d148822e25989858a70bb140ca130dc5d9d9ab4513077dae97a3155, vars: {}, profile: , target: dw, version: 1.9.4
[0m13:40:31.068725 [info ] [Dummy-1   ]: Unable to do partial parsing because saved manifest not found. Starting full parse.
[0m13:40:31.156519 [error] [Dummy-1   ]: Encountered an error:
Compilation Error
  dbt found two macros named "generate_schema_name" in the project "demo".
   To fix this error, rename or remove one of the following macros:
      - macros/generate_schema_name.sql
      - macros/generate_schema_name.sql
[0m13:40:31.164591 [debug] [Dummy-1   ]: Resource report: {"command_name": "compile", "command_success": false, "command_wall_clock_time": 0.98954415, "process_in_blocks": "0", "process_kernel_time": 0.91, "process_mem_max_rss": "417656", "process_out_blocks": "0", "process_user_time": 3.47}
[0m13:40:31.165996 [debug] [Dummy-1   ]: Command `cli compile` failed at 13:40:31.165709 after 1.00 seconds
[0m13:40:31.166612 [debug] [Dummy-1   ]: Flushing usage events


============================== 13:45:24.617074 | 794766b7-303c-42e5-96f3-8bf12295c4f9 ==============================
[0m13:45:24.617074 [info ] [Dummy-1   ]: Running with dbt=1.9.4
[0m13:45:24.617917 [debug] [Dummy-1   ]: running dbt with arguments {'printer_width': '80', 'indirect_selection': 'eager', 'log_cache_events': 'False', 'write_json': 'True', 'partial_parse': 'True', 'cache_selected_only': 'False', 'warn_error': 'None', 'fail_fast': 'False', 'debug': 'False', 'log_path': '/tmp/dbt/logs', 'version_check': 'True', 'profiles_dir': '/tmp/dbt_effective_profiles_y_ltxfaf', 'use_colors': 'True', 'use_experimental_parser': 'False', 'no_print': 'None', 'quiet': 'False', 'empty': 'False', 'warn_error_options': 'WarnErrorOptions(include=[], exclude=[])', 'static_parser': 'True', 'log_format': 'default', 'invocation_command': 'dbt ', 'target_path': 'None', 'introspect': 'True', 'send_anonymous_usage_stats': 'False'}
[0m13:45:24.897828 [info ] [Dummy-1   ]: Registered adapter: snowflake=1.9.2
[0m13:45:25.418966 [debug] [Dummy-1   ]: checksum: d0386c961d148822e25989858a70bb140ca130dc5d9d9ab4513077dae97a3155, vars: {}, profile: , target: dw, version: 1.9.4
[0m13:45:25.420832 [info ] [Dummy-1   ]: Unable to do partial parsing because saved manifest not found. Starting full parse.
[0m13:45:26.686802 [error] [Dummy-1   ]: Encountered an error:
Compilation Error
  Model 'model.demo.lnd_tb_raw_customer_customer_loyalty' (models/staging/lnd_tb_raw_customer_customer_loyalty.sql) depends on a source named 'tasty_bytes.CUSTOMER_LOYALTY' which was not found
[0m13:45:26.688435 [debug] [Dummy-1   ]: Resource report: {"command_name": "compile", "command_success": false, "command_wall_clock_time": 2.1447709, "process_in_blocks": "0", "process_kernel_time": 0.84, "process_mem_max_rss": "457240", "process_out_blocks": "0", "process_user_time": 4.63}
[0m13:45:26.689105 [debug] [Dummy-1   ]: Command `cli compile` failed at 13:45:26.688864 after 2.15 seconds
[0m13:45:26.689640 [debug] [Dummy-1   ]: Flushing usage events


============================== 13:51:44.456804 | 93f5efd6-b7f4-41ef-9f76-749116b4991f ==============================
[0m13:51:44.456804 [info ] [Dummy-1   ]: Running with dbt=1.9.4
[0m13:51:44.457722 [debug] [Dummy-1   ]: running dbt with arguments {'printer_width': '80', 'indirect_selection': 'eager', 'write_json': 'True', 'log_cache_events': 'False', 'partial_parse': 'True', 'cache_selected_only': 'False', 'profiles_dir': '/tmp/dbt_effective_profiles__ddxiovt', 'fail_fast': 'False', 'debug': 'False', 'log_path': '/tmp/dbt/logs', 'version_check': 'True', 'warn_error': 'None', 'use_colors': 'True', 'use_experimental_parser': 'False', 'no_print': 'None', 'quiet': 'False', 'empty': 'False', 'log_format': 'default', 'introspect': 'True', 'invocation_command': 'dbt ', 'static_parser': 'True', 'target_path': 'None', 'warn_error_options': 'WarnErrorOptions(include=[], exclude=[])', 'send_anonymous_usage_stats': 'False'}
[0m13:51:44.747709 [info ] [Dummy-1   ]: Registered adapter: snowflake=1.9.2
[0m13:51:45.313678 [debug] [Dummy-1   ]: checksum: d0386c961d148822e25989858a70bb140ca130dc5d9d9ab4513077dae97a3155, vars: {}, profile: , target: dw, version: 1.9.4
[0m13:51:45.315142 [info ] [Dummy-1   ]: Unable to do partial parsing because saved manifest not found. Starting full parse.
[0m13:51:46.627578 [error] [Dummy-1   ]: Encountered an error:
Compilation Error
  Model 'model.demo.lnd_tb_raw_pos_country' (models/staging/lnd_tb_raw_pos_country.sql) depends on a source named 'tasty_bytes.COUNTRY' which was not found
[0m13:51:46.629654 [debug] [Dummy-1   ]: Resource report: {"command_name": "compile", "command_success": false, "command_wall_clock_time": 2.2476861, "process_in_blocks": "0", "process_kernel_time": 1.0, "process_mem_max_rss": "468112", "process_out_blocks": "0", "process_user_time": 4.87}
[0m13:51:46.630459 [debug] [Dummy-1   ]: Command `cli compile` failed at 13:51:46.630118 after 2.25 seconds
[0m13:51:46.631112 [debug] [Dummy-1   ]: Flushing usage events


============================== 13:53:56.055811 | 5946ed8f-3c89-4060-9dcd-37353e5a2217 ==============================
[0m13:53:56.055811 [info ] [Dummy-1   ]: Running with dbt=1.9.4
[0m13:53:56.056638 [debug] [Dummy-1   ]: running dbt with arguments {'printer_width': '80', 'indirect_selection': 'eager', 'log_cache_events': 'False', 'write_json': 'True', 'partial_parse': 'True', 'cache_selected_only': 'False', 'warn_error': 'None', 'version_check': 'True', 'debug': 'False', 'log_path': '/tmp/dbt/logs', 'fail_fast': 'False', 'profiles_dir': '/tmp/dbt_effective_profiles_3hwpoho9', 'use_colors': 'True', 'use_experimental_parser': 'False', 'no_print': 'None', 'quiet': 'False', 'empty': 'False', 'log_format': 'default', 'invocation_command': 'dbt ', 'introspect': 'True', 'static_parser': 'True', 'target_path': 'None', 'warn_error_options': 'WarnErrorOptions(include=[], exclude=[])', 'send_anonymous_usage_stats': 'False'}
[0m13:53:56.332060 [info ] [Dummy-1   ]: Registered adapter: snowflake=1.9.2
[0m13:53:56.871116 [debug] [Dummy-1   ]: checksum: d0386c961d148822e25989858a70bb140ca130dc5d9d9ab4513077dae97a3155, vars: {}, profile: , target: dw, version: 1.9.4
[0m13:53:56.872230 [info ] [Dummy-1   ]: Unable to do partial parsing because saved manifest not found. Starting full parse.
[0m13:53:58.155708 [error] [Dummy-1   ]: Encountered an error:
Compilation Error
  Model 'model.demo.lnd_tb_raw_pos_franchise' (models/staging/lnd_tb_raw_pos_franchise.sql) depends on a source named 'tasty_bytes.FRANCHISE' which was not found
[0m13:53:58.157528 [debug] [Dummy-1   ]: Resource report: {"command_name": "compile", "command_success": false, "command_wall_clock_time": 2.175045, "process_in_blocks": "0", "process_kernel_time": 0.87, "process_mem_max_rss": "462380", "process_out_blocks": "0", "process_user_time": 4.62}
[0m13:53:58.158175 [debug] [Dummy-1   ]: Command `cli compile` failed at 13:53:58.157928 after 2.18 seconds
[0m13:53:58.158810 [debug] [Dummy-1   ]: Flushing usage events


============================== 13:55:21.213750 | ad3cf771-04a6-45b4-a07f-c145fc35c963 ==============================
[0m13:55:21.213750 [info ] [Dummy-1   ]: Running with dbt=1.9.4
[0m13:55:21.214842 [debug] [Dummy-1   ]: running dbt with arguments {'printer_width': '80', 'indirect_selection': 'eager', 'log_cache_events': 'False', 'write_json': 'True', 'partial_parse': 'True', 'cache_selected_only': 'False', 'profiles_dir': '/tmp/dbt_effective_profiles_4synvac5', 'version_check': 'True', 'fail_fast': 'False', 'log_path': '/tmp/dbt/logs', 'warn_error': 'None', 'debug': 'False', 'use_colors': 'True', 'use_experimental_parser': 'False', 'no_print': 'None', 'quiet': 'False', 'empty': 'False', 'warn_error_options': 'WarnErrorOptions(include=[], exclude=[])', 'static_parser': 'True', 'log_format': 'default', 'invocation_command': 'dbt ', 'target_path': 'None', 'introspect': 'True', 'send_anonymous_usage_stats': 'False'}
[0m13:55:21.523962 [info ] [Dummy-1   ]: Registered adapter: snowflake=1.9.2
[0m13:55:22.087168 [debug] [Dummy-1   ]: checksum: d0386c961d148822e25989858a70bb140ca130dc5d9d9ab4513077dae97a3155, vars: {}, profile: , target: dw, version: 1.9.4
[0m13:55:22.089207 [info ] [Dummy-1   ]: Unable to do partial parsing because saved manifest not found. Starting full parse.
[0m13:55:23.438297 [error] [Dummy-1   ]: Encountered an error:
Compilation Error
  Model 'model.demo.lnd_tb_raw_pos_country' (models/staging/lnd_tb_raw_pos_country.sql) depends on a source named 'tasty_bytes.COUNTRY' which was not found
[0m13:55:23.440626 [debug] [Dummy-1   ]: Resource report: {"command_name": "run", "command_success": false, "command_wall_clock_time": 2.3093686, "process_in_blocks": "0", "process_kernel_time": 0.91, "process_mem_max_rss": "467704", "process_out_blocks": "0", "process_user_time": 5.14}
[0m13:55:23.441408 [debug] [Dummy-1   ]: Command `cli run` failed at 13:55:23.441109 after 2.31 seconds
[0m13:55:23.442094 [debug] [Dummy-1   ]: Flushing usage events


============================== 13:58:32.907229 | 3b880716-b4dd-499b-83f8-e4da3347454a ==============================
[0m13:58:32.907229 [info ] [Dummy-1   ]: Running with dbt=1.9.4
[0m13:58:32.908249 [debug] [Dummy-1   ]: running dbt with arguments {'printer_width': '80', 'indirect_selection': 'eager', 'write_json': 'True', 'log_cache_events': 'False', 'partial_parse': 'True', 'cache_selected_only': 'False', 'profiles_dir': '/tmp/dbt_effective_profiles_jwbym39s', 'fail_fast': 'False', 'warn_error': 'None', 'log_path': '/tmp/dbt/logs', 'debug': 'False', 'version_check': 'True', 'use_colors': 'True', 'use_experimental_parser': 'False', 'empty': 'False', 'quiet': 'False', 'no_print': 'None', 'warn_error_options': 'WarnErrorOptions(include=[], exclude=[])', 'introspect': 'True', 'log_format': 'default', 'invocation_command': 'dbt ', 'target_path': 'None', 'static_parser': 'True', 'send_anonymous_usage_stats': 'False'}
[0m13:58:33.217581 [info ] [Dummy-1   ]: Registered adapter: snowflake=1.9.2
[0m13:58:33.777452 [debug] [Dummy-1   ]: checksum: d0386c961d148822e25989858a70bb140ca130dc5d9d9ab4513077dae97a3155, vars: {}, profile: , target: dw, version: 1.9.4
[0m13:58:33.779743 [info ] [Dummy-1   ]: Unable to do partial parsing because saved manifest not found. Starting full parse.
[0m13:58:35.151368 [error] [Dummy-1   ]: Encountered an error:
Compilation Error
  Model 'model.demo.lnd_tb_raw_pos_country' (models/staging/lnd_tb_raw_pos_country.sql) depends on a source named 'tasty_bytes.COUNTRY' which was not found
[0m13:58:35.153346 [debug] [Dummy-1   ]: Resource report: {"command_name": "run", "command_success": false, "command_wall_clock_time": 2.327302, "process_in_blocks": "0", "process_kernel_time": 0.97, "process_mem_max_rss": "456944", "process_out_blocks": "0", "process_user_time": 5.02}
[0m13:58:35.154073 [debug] [Dummy-1   ]: Command `cli run` failed at 13:58:35.153792 after 2.33 seconds
[0m13:58:35.154855 [debug] [Dummy-1   ]: Flushing usage events


============================== 14:03:03.948738 | 49be4864-bc96-4df4-acd4-bd79d958ca82 ==============================
[0m14:03:03.948738 [info ] [Dummy-1   ]: Running with dbt=1.9.4
[0m14:03:03.949762 [debug] [Dummy-1   ]: running dbt with arguments {'printer_width': '80', 'indirect_selection': 'eager', 'write_json': 'True', 'log_cache_events': 'False', 'partial_parse': 'True', 'cache_selected_only': 'False', 'warn_error': 'None', 'debug': 'False', 'version_check': 'True', 'log_path': '/tmp/dbt/logs', 'fail_fast': 'False', 'profiles_dir': '/tmp/dbt_effective_profiles_xozgtc59', 'use_colors': 'True', 'use_experimental_parser': 'False', 'empty': 'False', 'quiet': 'False', 'no_print': 'None', 'warn_error_options': 'WarnErrorOptions(include=[], exclude=[])', 'introspect': 'True', 'invocation_command': 'dbt ', 'log_format': 'default', 'target_path': 'None', 'static_parser': 'True', 'send_anonymous_usage_stats': 'False'}
[0m14:03:04.016110 [error] [Dummy-1   ]: Encountered an error:
Runtime Error
  source-paths and model-paths cannot both be defined. The `source-paths` config has been deprecated in favor of `model-paths`. Please update your `dbt_project.yml` configuration to reflect this change.

Error encountered in /tmp/dbt/dbt_project.yml
[0m14:03:04.018083 [debug] [Dummy-1   ]: Resource report: {"command_name": "run", "command_success": false, "command_wall_clock_time": 0.14696425, "process_in_blocks": "0", "process_kernel_time": 0.54, "process_mem_max_rss": "401616", "process_out_blocks": "0", "process_user_time": 3.07}
[0m14:03:04.018792 [debug] [Dummy-1   ]: Command `cli run` failed at 14:03:04.018519 after 0.15 seconds
[0m14:03:04.019331 [debug] [Dummy-1   ]: Flushing usage events


============================== 14:05:46.808211 | 66ab35fa-c6a3-4fbb-8d76-7d5ee5564175 ==============================
[0m14:05:46.808211 [info ] [Dummy-1   ]: Running with dbt=1.9.4
[0m14:05:46.809043 [debug] [Dummy-1   ]: running dbt with arguments {'printer_width': '80', 'indirect_selection': 'eager', 'write_json': 'True', 'log_cache_events': 'False', 'partial_parse': 'True', 'cache_selected_only': 'False', 'warn_error': 'None', 'debug': 'False', 'version_check': 'True', 'log_path': '/tmp/dbt/logs', 'fail_fast': 'False', 'profiles_dir': '/tmp/dbt_effective_profiles_nn51lm3t', 'use_colors': 'True', 'use_experimental_parser': 'False', 'no_print': 'None', 'quiet': 'False', 'empty': 'False', 'warn_error_options': 'WarnErrorOptions(include=[], exclude=[])', 'invocation_command': 'dbt ', 'static_parser': 'True', 'log_format': 'default', 'target_path': 'None', 'introspect': 'True', 'send_anonymous_usage_stats': 'False'}
[0m14:05:47.087893 [info ] [Dummy-1   ]: Registered adapter: snowflake=1.9.2
[0m14:05:47.628898 [debug] [Dummy-1   ]: checksum: d0386c961d148822e25989858a70bb140ca130dc5d9d9ab4513077dae97a3155, vars: {}, profile: , target: dw, version: 1.9.4
[0m14:05:47.630419 [info ] [Dummy-1   ]: Unable to do partial parsing because saved manifest not found. Starting full parse.
[0m14:05:47.639457 [error] [Dummy-1   ]: Encountered an error:
Parsing Error
  Error reading demo: tasty_bytes/__sources.yml - Runtime Error
    Syntax error near line 5
    ------------------------------
    2  | sources:
    3  | - name: tasty_bytes
    4  |   description: 'Point of Sale source data'
    5  |   database: {{ env_var("DBT_DL_TASTY_BYTES") }}
    6  | # database: dl_le_tasty_bytes
    7  |   schema: RAW
    8  |   tables:
    
    Raw Error:
    ------------------------------
    while constructing a mapping
      in "<unicode string>", line 5, column 13
    found unhashable key
      in "<unicode string>", line 5, column 14
[0m14:05:47.641495 [debug] [Dummy-1   ]: Resource report: {"command_name": "run", "command_success": false, "command_wall_clock_time": 0.906286, "process_in_blocks": "0", "process_kernel_time": 0.92, "process_mem_max_rss": "410084", "process_out_blocks": "0", "process_user_time": 3.45}
[0m14:05:47.642265 [debug] [Dummy-1   ]: Command `cli run` failed at 14:05:47.642018 after 0.91 seconds
[0m14:05:47.642854 [debug] [Dummy-1   ]: Flushing usage events


============================== 14:06:46.848287 | 69163f07-bc80-4629-94f5-1d85eaefa8f5 ==============================
[0m14:06:46.848287 [info ] [Dummy-1   ]: Running with dbt=1.9.4
[0m14:06:46.849133 [debug] [Dummy-1   ]: running dbt with arguments {'printer_width': '80', 'indirect_selection': 'eager', 'log_cache_events': 'False', 'write_json': 'True', 'partial_parse': 'True', 'cache_selected_only': 'False', 'profiles_dir': '/tmp/dbt_effective_profiles_tr1xjvdy', 'version_check': 'True', 'warn_error': 'None', 'log_path': '/tmp/dbt/logs', 'debug': 'False', 'fail_fast': 'False', 'use_colors': 'True', 'use_experimental_parser': 'False', 'no_print': 'None', 'quiet': 'False', 'empty': 'False', 'warn_error_options': 'WarnErrorOptions(include=[], exclude=[])', 'introspect': 'True', 'log_format': 'default', 'invocation_command': 'dbt ', 'target_path': 'None', 'static_parser': 'True', 'send_anonymous_usage_stats': 'False'}
[0m14:06:47.130228 [info ] [Dummy-1   ]: Registered adapter: snowflake=1.9.2
[0m14:06:47.682510 [debug] [Dummy-1   ]: checksum: d0386c961d148822e25989858a70bb140ca130dc5d9d9ab4513077dae97a3155, vars: {}, profile: , target: dw, version: 1.9.4
[0m14:06:47.683810 [info ] [Dummy-1   ]: Unable to do partial parsing because saved manifest not found. Starting full parse.
[0m14:06:47.693868 [error] [Dummy-1   ]: Encountered an error:
Parsing Error
  Error reading demo: sources/tasty_bytes/__sources.yml - Runtime Error
    Syntax error near line 5
    ------------------------------
    2  | sources:
    3  | - name: tasty_bytes
    4  |   description: 'Point of Sale source data'
    5  |   database: {{ env_var("DBT_DL_TASTY_BYTES") }}
    6  | # database: dl_le_tasty_bytes
    7  |   schema: RAW
    8  |   tables:
    
    Raw Error:
    ------------------------------
    while constructing a mapping
      in "<unicode string>", line 5, column 13
    found unhashable key
      in "<unicode string>", line 5, column 14
[0m14:06:47.695652 [debug] [Dummy-1   ]: Resource report: {"command_name": "run", "command_success": false, "command_wall_clock_time": 0.92118776, "process_in_blocks": "0", "process_kernel_time": 0.9, "process_mem_max_rss": "406504", "process_out_blocks": "0", "process_user_time": 3.39}
[0m14:06:47.696299 [debug] [Dummy-1   ]: Command `cli run` failed at 14:06:47.696054 after 0.92 seconds
[0m14:06:47.696938 [debug] [Dummy-1   ]: Flushing usage events


============================== 14:12:04.079009 | 65666bae-b604-4f39-93ef-0d8206f686cc ==============================
[0m14:12:04.079009 [info ] [Dummy-1   ]: Running with dbt=1.9.4
[0m14:12:04.079979 [debug] [Dummy-1   ]: running dbt with arguments {'printer_width': '80', 'indirect_selection': 'eager', 'write_json': 'True', 'log_cache_events': 'False', 'partial_parse': 'True', 'cache_selected_only': 'False', 'warn_error': 'None', 'debug': 'False', 'fail_fast': 'False', 'log_path': '/tmp/dbt/logs', 'profiles_dir': '/tmp/dbt_effective_profiles_vkpxr51v', 'version_check': 'True', 'use_colors': 'True', 'use_experimental_parser': 'False', 'no_print': 'None', 'quiet': 'False', 'empty': 'False', 'warn_error_options': 'WarnErrorOptions(include=[], exclude=[])', 'introspect': 'True', 'static_parser': 'True', 'log_format': 'default', 'target_path': 'None', 'invocation_command': 'dbt ', 'send_anonymous_usage_stats': 'False'}
[0m14:12:04.379507 [info ] [Dummy-1   ]: Registered adapter: snowflake=1.9.2
[0m14:12:04.945507 [debug] [Dummy-1   ]: checksum: d0386c961d148822e25989858a70bb140ca130dc5d9d9ab4513077dae97a3155, vars: {}, profile: , target: dw, version: 1.9.4
[0m14:12:04.946942 [info ] [Dummy-1   ]: Unable to do partial parsing because saved manifest not found. Starting full parse.
[0m14:12:06.830045 [error] [Dummy-1   ]: Encountered an error:
Compilation Error
  Model 'model.demo.orders' (models/marts/orders.sql) depends on a node named 'lnd_tb_raw_pos_order_header' which was not found
[0m14:12:06.832003 [debug] [Dummy-1   ]: Resource report: {"command_name": "run", "command_success": false, "command_wall_clock_time": 2.8310645, "process_in_blocks": "0", "process_kernel_time": 0.96, "process_mem_max_rss": "473556", "process_out_blocks": "0", "process_user_time": 5.4}
[0m14:12:06.832726 [debug] [Dummy-1   ]: Command `cli run` failed at 14:12:06.832438 after 2.83 seconds
[0m14:12:06.833470 [debug] [Dummy-1   ]: Flushing usage events


============================== 14:13:54.316983 | 3f59ed9f-6bdd-494e-96e4-0073505cf1a5 ==============================
[0m14:13:54.316983 [info ] [Dummy-1   ]: Running with dbt=1.9.4
[0m14:13:54.317994 [debug] [Dummy-1   ]: running dbt with arguments {'printer_width': '80', 'indirect_selection': 'eager', 'log_cache_events': 'False', 'write_json': 'True', 'partial_parse': 'True', 'cache_selected_only': 'False', 'profiles_dir': '/tmp/dbt_effective_profiles_inlt9xbe', 'fail_fast': 'False', 'warn_error': 'None', 'log_path': '/tmp/dbt/logs', 'debug': 'False', 'version_check': 'True', 'use_colors': 'True', 'use_experimental_parser': 'False', 'empty': 'False', 'quiet': 'False', 'no_print': 'None', 'warn_error_options': 'WarnErrorOptions(include=[], exclude=[])', 'introspect': 'True', 'invocation_command': 'dbt ', 'log_format': 'default', 'target_path': 'None', 'static_parser': 'True', 'send_anonymous_usage_stats': 'False'}
[0m14:13:54.621788 [info ] [Dummy-1   ]: Registered adapter: snowflake=1.9.2
[0m14:13:55.188232 [debug] [Dummy-1   ]: checksum: d0386c961d148822e25989858a70bb140ca130dc5d9d9ab4513077dae97a3155, vars: {}, profile: , target: dw, version: 1.9.4
[0m14:13:55.189649 [info ] [Dummy-1   ]: Unable to do partial parsing because saved manifest not found. Starting full parse.
[0m14:13:57.096845 [error] [Dummy-1   ]: Encountered an error:
Compilation Error
  Model 'model.demo.customer_loyalty_metrics' (models/marts/customer_loyalty_metrics.sql) depends on a node named 'lnd_tb_raw_customer_customer_loyalty' which was not found
[0m14:13:57.098871 [debug] [Dummy-1   ]: Resource report: {"command_name": "run", "command_success": false, "command_wall_clock_time": 2.861692, "process_in_blocks": "0", "process_kernel_time": 0.99, "process_mem_max_rss": "466328", "process_out_blocks": "0", "process_user_time": 5.45}
[0m14:13:57.099540 [debug] [Dummy-1   ]: Command `cli run` failed at 14:13:57.099286 after 2.86 seconds
[0m14:13:57.100162 [debug] [Dummy-1   ]: Flushing usage events


============================== 14:15:19.161163 | 12ce7926-14d0-477d-9aca-8334bfa9cb14 ==============================
[0m14:15:19.161163 [info ] [Dummy-1   ]: Running with dbt=1.9.4
[0m14:15:19.162087 [debug] [Dummy-1   ]: running dbt with arguments {'printer_width': '80', 'indirect_selection': 'eager', 'write_json': 'True', 'log_cache_events': 'False', 'partial_parse': 'True', 'cache_selected_only': 'False', 'warn_error': 'None', 'debug': 'False', 'profiles_dir': '/tmp/dbt_effective_profiles_0ql9inrq', 'log_path': '/tmp/dbt/logs', 'version_check': 'True', 'fail_fast': 'False', 'use_colors': 'True', 'use_experimental_parser': 'False', 'no_print': 'None', 'quiet': 'False', 'empty': 'False', 'warn_error_options': 'WarnErrorOptions(include=[], exclude=[])', 'static_parser': 'True', 'invocation_command': 'dbt ', 'introspect': 'True', 'target_path': 'None', 'log_format': 'default', 'send_anonymous_usage_stats': 'False'}
[0m14:15:19.444123 [info ] [Dummy-1   ]: Registered adapter: snowflake=1.9.2
[0m14:15:19.981763 [debug] [Dummy-1   ]: checksum: d0386c961d148822e25989858a70bb140ca130dc5d9d9ab4513077dae97a3155, vars: {}, profile: , target: dw, version: 1.9.4
[0m14:15:19.983446 [info ] [Dummy-1   ]: Unable to do partial parsing because saved manifest not found. Starting full parse.
[0m14:15:21.845737 [warn ] [Dummy-1   ]: [[33mWARNING[0m]: Configuration paths exist in your dbt_project.yml file which do not apply to any resources.
There are 3 unused configuration paths:
- models.tasty_bytes.marts
- models.tasty_bytes.staging
- models.tasty_bytes
[0m14:15:21.963536 [debug] [Dummy-1   ]: Wrote artifact WritableManifest to /tmp/dbt/target/manifest.json
[0m14:15:21.965494 [debug] [Dummy-1   ]: Wrote artifact SemanticManifest to /tmp/dbt/target/semantic_manifest.json
[0m14:15:22.007906 [info ] [Dummy-1   ]: Found 11 models, 50 data tests, 8 sources, 599 macros
[0m14:15:22.009131 [warn ] [Dummy-1   ]: The selection criterion '+lnd_tb_pos_order_header' does not match any enabled nodes
[0m14:15:22.010834 [warn ] [Dummy-1   ]: Nothing to do. Try checking your model configs and model specification args
[0m14:15:22.011510 [debug] [Dummy-1   ]: Command end result
[0m14:15:22.048708 [debug] [Dummy-1   ]: Wrote artifact WritableManifest to /tmp/dbt/target/manifest.json
[0m14:15:22.050520 [debug] [Dummy-1   ]: Wrote artifact SemanticManifest to /tmp/dbt/target/semantic_manifest.json
[0m14:15:22.053319 [debug] [Dummy-1   ]: Wrote artifact RunExecutionResult to /tmp/dbt/target/run_results.json
[0m14:15:22.054966 [debug] [Dummy-1   ]: Resource report: {"command_name": "run", "command_success": true, "command_wall_clock_time": 2.9677496, "process_in_blocks": "0", "process_kernel_time": 0.91, "process_mem_max_rss": "464148", "process_out_blocks": "0", "process_user_time": 5.3}
[0m14:15:22.055592 [debug] [Dummy-1   ]: Command `cli run` succeeded at 14:15:22.055350 after 2.97 seconds
[0m14:15:22.056190 [debug] [Dummy-1   ]: Flushing usage events


============================== 14:22:12.064862 | 4fddef5e-cfdb-416b-8f03-41d6375e2480 ==============================
[0m14:22:12.064862 [info ] [Dummy-1   ]: Running with dbt=1.9.4
[0m14:22:12.065823 [debug] [Dummy-1   ]: running dbt with arguments {'printer_width': '80', 'indirect_selection': 'eager', 'log_cache_events': 'False', 'write_json': 'True', 'partial_parse': 'True', 'cache_selected_only': 'False', 'profiles_dir': '/tmp/dbt_effective_profiles_c_chblk7', 'fail_fast': 'False', 'warn_error': 'None', 'log_path': '/tmp/dbt/logs', 'version_check': 'True', 'debug': 'False', 'use_colors': 'True', 'use_experimental_parser': 'False', 'empty': 'False', 'quiet': 'False', 'no_print': 'None', 'log_format': 'default', 'introspect': 'True', 'static_parser': 'True', 'invocation_command': 'dbt ', 'target_path': 'None', 'warn_error_options': 'WarnErrorOptions(include=[], exclude=[])', 'send_anonymous_usage_stats': 'False'}
[0m14:22:12.348439 [info ] [Dummy-1   ]: Registered adapter: snowflake=1.9.2
[0m14:22:12.895495 [debug] [Dummy-1   ]: checksum: d0386c961d148822e25989858a70bb140ca130dc5d9d9ab4513077dae97a3155, vars: {}, profile: , target: dw, version: 1.9.4
[0m14:22:13.152711 [info ] [Dummy-1   ]: Unable to do partial parsing because a project config has changed
[0m14:22:15.037312 [debug] [Dummy-1   ]: Wrote artifact WritableManifest to /tmp/dbt/target/manifest.json
[0m14:22:15.039420 [debug] [Dummy-1   ]: Wrote artifact SemanticManifest to /tmp/dbt/target/semantic_manifest.json
[0m14:22:15.074238 [info ] [Dummy-1   ]: Found 11 models, 50 data tests, 8 sources, 599 macros
[0m14:22:15.078934 [info ] [Dummy-1   ]: 
[0m14:22:15.079488 [info ] [Dummy-1   ]: Concurrency: 16 threads (target='dw')
[0m14:22:15.079976 [info ] [Dummy-1   ]: 
[0m14:22:15.080724 [debug] [Dummy-1   ]: Acquiring new snowflake connection 'master'
[0m14:22:15.087140 [debug] [ThreadPool]: Acquiring new snowflake connection 'list_ddw_edw'
[0m14:22:15.173849 [debug] [ThreadPool]: Using snowflake connection "list_ddw_edw"
[0m14:22:15.174457 [debug] [ThreadPool]: On list_ddw_edw: /* {"app": "dbt", "dbt_version": "1.9.4", "profile_name": "demo", "target_name": "dw", "connection_name": "list_ddw_edw"} */
alter session set quoted_identifiers_ignore_case = false;
[0m14:22:15.174935 [debug] [ThreadPool]: Opening a new connection, currently in state init
[0m14:22:15.745044 [debug] [ThreadPool]: SQL status: SUCCESS 1 in 0.570 seconds
[0m14:22:15.749644 [debug] [ThreadPool]: Using snowflake connection "list_ddw_edw"
[0m14:22:15.750183 [debug] [ThreadPool]: On list_ddw_edw: /* {"app": "dbt", "dbt_version": "1.9.4", "profile_name": "demo", "target_name": "dw", "connection_name": "list_ddw_edw"} */
show objects in ddw.edw
    limit 10000
    
;
[0m14:22:15.871542 [debug] [ThreadPool]: SQL status: SUCCESS 0 in 0.121 seconds
[0m14:22:15.873653 [debug] [ThreadPool]: Using snowflake connection "list_ddw_edw"
[0m14:22:15.874192 [debug] [ThreadPool]: On list_ddw_edw: /* {"app": "dbt", "dbt_version": "1.9.4", "profile_name": "demo", "target_name": "dw", "connection_name": "list_ddw_edw"} */
alter session unset quoted_identifiers_ignore_case;
[0m14:22:16.000765 [debug] [ThreadPool]: SQL status: SUCCESS 1 in 0.126 seconds
[0m14:22:16.025156 [debug] [Thread-2 (]: Began running node model.demo.lnd_tb_raw_customer_customer_loyalty
[0m14:22:16.025888 [debug] [Thread-3 (]: Began running node model.demo.lnd_tb_raw_pos_country
[0m14:22:16.026476 [debug] [Thread-4 (]: Began running node model.demo.lnd_tb_raw_pos_franchise
[0m14:22:16.027041 [debug] [Thread-5 (]: Began running node model.demo.lnd_tb_raw_pos_location
[0m14:22:16.027583 [debug] [Thread-6 (]: Began running node model.demo.lnd_tb_raw_pos_menu
[0m14:22:16.028164 [debug] [Thread-7 (]: Began running node model.demo.lnd_tb_raw_pos_order_detail
[0m14:22:16.028764 [debug] [Thread-2 (]: Re-using an available connection from the pool (formerly list_ddw_edw, now model.demo.lnd_tb_raw_customer_customer_loyalty)
[0m14:22:16.029365 [debug] [Thread-8 (]: Began running node model.demo.lnd_tb_raw_pos_order_header
[0m14:22:16.029898 [debug] [Thread-9 (]: Began running node model.demo.lnd_tb_raw_pos_truck
[0m14:22:16.030436 [debug] [Thread-10 ]: Began running node test.demo.source_is_positive_amount_tasty_bytes_COUNTRY_CITY_POPULATION.455b60899b
[0m14:22:16.030973 [debug] [Thread-11 ]: Began running node test.demo.source_is_positive_amount_tasty_bytes_MENU_COST_OF_GOODS_USD.a786b360c5
[0m14:22:16.031514 [debug] [Thread-12 ]: Began running node test.demo.source_is_positive_amount_tasty_bytes_MENU_SALE_PRICE_USD.349962fa90
[0m14:22:16.032071 [debug] [Thread-13 ]: Began running node test.demo.source_is_positive_amount_tasty_bytes_ORDER_DETAIL_PRICE.0c509fea0b
[0m14:22:16.032709 [debug] [Thread-3 (]: Acquiring new snowflake connection 'model.demo.lnd_tb_raw_pos_country'
[0m14:22:16.033241 [debug] [Thread-14 ]: Began running node test.demo.source_is_positive_amount_tasty_bytes_ORDER_DETAIL_QUANTITY.d4decbe969
[0m14:22:16.033855 [debug] [Thread-15 ]: Began running node test.demo.source_is_positive_amount_tasty_bytes_ORDER_DETAIL_UNIT_PRICE.059aceb636
[0m14:22:16.034387 [debug] [Thread-16 ]: Began running node test.demo.source_is_positive_amount_tasty_bytes_ORDER_HEADER_ORDER_AMOUNT.62f7c0746d
[0m14:22:16.034900 [debug] [Thread-17 ]: Began running node test.demo.source_is_positive_amount_tasty_bytes_ORDER_HEADER_ORDER_TOTAL.ad56101225
[0m14:22:16.035651 [debug] [Thread-4 (]: Acquiring new snowflake connection 'model.demo.lnd_tb_raw_pos_franchise'
[0m14:22:16.036291 [debug] [Thread-5 (]: Acquiring new snowflake connection 'model.demo.lnd_tb_raw_pos_location'
[0m14:22:16.036925 [debug] [Thread-6 (]: Acquiring new snowflake connection 'model.demo.lnd_tb_raw_pos_menu'
[0m14:22:16.037640 [debug] [Thread-7 (]: Acquiring new snowflake connection 'model.demo.lnd_tb_raw_pos_order_detail'
[0m14:22:16.038146 [debug] [Thread-2 (]: Began compiling node model.demo.lnd_tb_raw_customer_customer_loyalty
[0m14:22:16.038783 [debug] [Thread-8 (]: Acquiring new snowflake connection 'model.demo.lnd_tb_raw_pos_order_header'
[0m14:22:16.039414 [debug] [Thread-9 (]: Acquiring new snowflake connection 'model.demo.lnd_tb_raw_pos_truck'
[0m14:22:16.040068 [debug] [Thread-10 ]: Acquiring new snowflake connection 'test.demo.source_is_positive_amount_tasty_bytes_COUNTRY_CITY_POPULATION.455b60899b'
[0m14:22:16.040693 [debug] [Thread-11 ]: Acquiring new snowflake connection 'test.demo.source_is_positive_amount_tasty_bytes_MENU_COST_OF_GOODS_USD.a786b360c5'
[0m14:22:16.041386 [debug] [Thread-12 ]: Acquiring new snowflake connection 'test.demo.source_is_positive_amount_tasty_bytes_MENU_SALE_PRICE_USD.349962fa90'
[0m14:22:16.042048 [debug] [Thread-13 ]: Acquiring new snowflake connection 'test.demo.source_is_positive_amount_tasty_bytes_ORDER_DETAIL_PRICE.0c509fea0b'
[0m14:22:16.042557 [debug] [Thread-3 (]: Began compiling node model.demo.lnd_tb_raw_pos_country
[0m14:22:16.043205 [debug] [Thread-14 ]: Acquiring new snowflake connection 'test.demo.source_is_positive_amount_tasty_bytes_ORDER_DETAIL_QUANTITY.d4decbe969'
[0m14:22:16.043835 [debug] [Thread-15 ]: Acquiring new snowflake connection 'test.demo.source_is_positive_amount_tasty_bytes_ORDER_DETAIL_UNIT_PRICE.059aceb636'
[0m14:22:16.044443 [debug] [Thread-16 ]: Acquiring new snowflake connection 'test.demo.source_is_positive_amount_tasty_bytes_ORDER_HEADER_ORDER_AMOUNT.62f7c0746d'
[0m14:22:16.045056 [debug] [Thread-17 ]: Acquiring new snowflake connection 'test.demo.source_is_positive_amount_tasty_bytes_ORDER_HEADER_ORDER_TOTAL.ad56101225'
[0m14:22:16.045651 [debug] [Thread-4 (]: Began compiling node model.demo.lnd_tb_raw_pos_franchise
[0m14:22:16.046154 [debug] [Thread-5 (]: Began compiling node model.demo.lnd_tb_raw_pos_location
[0m14:22:16.046632 [debug] [Thread-6 (]: Began compiling node model.demo.lnd_tb_raw_pos_menu
[0m14:22:16.047115 [debug] [Thread-7 (]: Began compiling node model.demo.lnd_tb_raw_pos_order_detail
[0m14:22:16.056070 [debug] [Thread-2 (]: Writing injected SQL for node "model.demo.lnd_tb_raw_customer_customer_loyalty"
[0m14:22:16.056613 [debug] [Thread-8 (]: Began compiling node model.demo.lnd_tb_raw_pos_order_header
[0m14:22:16.057116 [debug] [Thread-9 (]: Began compiling node model.demo.lnd_tb_raw_pos_truck
[0m14:22:16.057695 [debug] [Thread-10 ]: Began compiling node test.demo.source_is_positive_amount_tasty_bytes_COUNTRY_CITY_POPULATION.455b60899b
[0m14:22:16.058175 [debug] [Thread-11 ]: Began compiling node test.demo.source_is_positive_amount_tasty_bytes_MENU_COST_OF_GOODS_USD.a786b360c5
[0m14:22:16.058665 [debug] [Thread-12 ]: Began compiling node test.demo.source_is_positive_amount_tasty_bytes_MENU_SALE_PRICE_USD.349962fa90
[0m14:22:16.059140 [debug] [Thread-13 ]: Began compiling node test.demo.source_is_positive_amount_tasty_bytes_ORDER_DETAIL_PRICE.0c509fea0b
[0m14:22:16.064922 [debug] [Thread-3 (]: Writing injected SQL for node "model.demo.lnd_tb_raw_pos_country"
[0m14:22:16.065512 [debug] [Thread-14 ]: Began compiling node test.demo.source_is_positive_amount_tasty_bytes_ORDER_DETAIL_QUANTITY.d4decbe969
[0m14:22:16.066025 [debug] [Thread-15 ]: Began compiling node test.demo.source_is_positive_amount_tasty_bytes_ORDER_DETAIL_UNIT_PRICE.059aceb636
[0m14:22:16.066532 [debug] [Thread-16 ]: Began compiling node test.demo.source_is_positive_amount_tasty_bytes_ORDER_HEADER_ORDER_AMOUNT.62f7c0746d
[0m14:22:16.067024 [debug] [Thread-17 ]: Began compiling node test.demo.source_is_positive_amount_tasty_bytes_ORDER_HEADER_ORDER_TOTAL.ad56101225
[0m14:22:16.071398 [debug] [Thread-4 (]: Writing injected SQL for node "model.demo.lnd_tb_raw_pos_franchise"
[0m14:22:16.075809 [debug] [Thread-5 (]: Writing injected SQL for node "model.demo.lnd_tb_raw_pos_location"
[0m14:22:16.080254 [debug] [Thread-6 (]: Writing injected SQL for node "model.demo.lnd_tb_raw_pos_menu"
[0m14:22:16.084484 [debug] [Thread-7 (]: Writing injected SQL for node "model.demo.lnd_tb_raw_pos_order_detail"
[0m14:22:16.090730 [debug] [Thread-8 (]: Writing injected SQL for node "model.demo.lnd_tb_raw_pos_order_header"
[0m14:22:16.095075 [debug] [Thread-9 (]: Writing injected SQL for node "model.demo.lnd_tb_raw_pos_truck"
[0m14:22:16.100851 [debug] [Thread-2 (]: Began executing node model.demo.lnd_tb_raw_customer_customer_loyalty
[0m14:22:16.101158 [debug] [Thread-10 ]: Writing injected SQL for node "test.demo.source_is_positive_amount_tasty_bytes_COUNTRY_CITY_POPULATION.455b60899b"
[0m14:22:16.106509 [debug] [Thread-11 ]: Writing injected SQL for node "test.demo.source_is_positive_amount_tasty_bytes_MENU_COST_OF_GOODS_USD.a786b360c5"
[0m14:22:16.113117 [debug] [Thread-12 ]: Writing injected SQL for node "test.demo.source_is_positive_amount_tasty_bytes_MENU_SALE_PRICE_USD.349962fa90"
[0m14:22:16.118697 [debug] [Thread-13 ]: Writing injected SQL for node "test.demo.source_is_positive_amount_tasty_bytes_ORDER_DETAIL_PRICE.0c509fea0b"
[0m14:22:16.124585 [debug] [Thread-14 ]: Writing injected SQL for node "test.demo.source_is_positive_amount_tasty_bytes_ORDER_DETAIL_QUANTITY.d4decbe969"
[0m14:22:16.125201 [debug] [Thread-3 (]: Began executing node model.demo.lnd_tb_raw_pos_country
[0m14:22:16.130968 [debug] [Thread-15 ]: Writing injected SQL for node "test.demo.source_is_positive_amount_tasty_bytes_ORDER_DETAIL_UNIT_PRICE.059aceb636"
[0m14:22:16.137958 [debug] [Thread-16 ]: Writing injected SQL for node "test.demo.source_is_positive_amount_tasty_bytes_ORDER_HEADER_ORDER_AMOUNT.62f7c0746d"
[0m14:22:16.144358 [debug] [Thread-17 ]: Writing injected SQL for node "test.demo.source_is_positive_amount_tasty_bytes_ORDER_HEADER_ORDER_TOTAL.ad56101225"
[0m14:22:16.145376 [debug] [Thread-4 (]: Began executing node model.demo.lnd_tb_raw_pos_franchise
[0m14:22:16.146085 [debug] [Thread-5 (]: Began executing node model.demo.lnd_tb_raw_pos_location
[0m14:22:16.146876 [debug] [Thread-6 (]: Began executing node model.demo.lnd_tb_raw_pos_menu
[0m14:22:16.147565 [debug] [Thread-7 (]: Began executing node model.demo.lnd_tb_raw_pos_order_detail
[0m14:22:16.148344 [debug] [Thread-8 (]: Began executing node model.demo.lnd_tb_raw_pos_order_header
[0m14:22:16.149423 [debug] [Thread-2 (]: Finished running node model.demo.lnd_tb_raw_customer_customer_loyalty
[0m14:22:16.149959 [debug] [Thread-9 (]: Began executing node model.demo.lnd_tb_raw_pos_truck
[0m14:22:16.151486 [debug] [Thread-10 ]: Began executing node test.demo.source_is_positive_amount_tasty_bytes_COUNTRY_CITY_POPULATION.455b60899b
[0m14:22:16.152155 [debug] [Thread-11 ]: Began executing node test.demo.source_is_positive_amount_tasty_bytes_MENU_COST_OF_GOODS_USD.a786b360c5
[0m14:22:16.153049 [debug] [Thread-12 ]: Began executing node test.demo.source_is_positive_amount_tasty_bytes_MENU_SALE_PRICE_USD.349962fa90
[0m14:22:16.154034 [debug] [Thread-13 ]: Began executing node test.demo.source_is_positive_amount_tasty_bytes_ORDER_DETAIL_PRICE.0c509fea0b
[0m14:22:16.154885 [debug] [Thread-3 (]: Finished running node model.demo.lnd_tb_raw_pos_country
[0m14:22:16.155484 [debug] [Thread-14 ]: Began executing node test.demo.source_is_positive_amount_tasty_bytes_ORDER_DETAIL_QUANTITY.d4decbe969
[0m14:22:16.156539 [debug] [Thread-15 ]: Began executing node test.demo.source_is_positive_amount_tasty_bytes_ORDER_DETAIL_UNIT_PRICE.059aceb636
[0m14:22:16.157340 [debug] [Thread-16 ]: Began executing node test.demo.source_is_positive_amount_tasty_bytes_ORDER_HEADER_ORDER_AMOUNT.62f7c0746d
[0m14:22:16.158257 [debug] [Thread-4 (]: Finished running node model.demo.lnd_tb_raw_pos_franchise
[0m14:22:16.158822 [debug] [Thread-17 ]: Began executing node test.demo.source_is_positive_amount_tasty_bytes_ORDER_HEADER_ORDER_TOTAL.ad56101225
[0m14:22:16.159600 [debug] [Thread-5 (]: Finished running node model.demo.lnd_tb_raw_pos_location
[0m14:22:16.160416 [debug] [Thread-6 (]: Finished running node model.demo.lnd_tb_raw_pos_menu
[0m14:22:16.161194 [debug] [Thread-7 (]: Finished running node model.demo.lnd_tb_raw_pos_order_detail
[0m14:22:16.162005 [debug] [Thread-8 (]: Finished running node model.demo.lnd_tb_raw_pos_order_header
[0m14:22:16.162633 [debug] [Thread-2 (]: Began running node test.demo.source_not_null_tasty_bytes_COUNTRY_COUNTRY.041f384db8
[0m14:22:16.163525 [debug] [Thread-9 (]: Finished running node model.demo.lnd_tb_raw_pos_truck
[0m14:22:16.164295 [debug] [Thread-10 ]: Finished running node test.demo.source_is_positive_amount_tasty_bytes_COUNTRY_CITY_POPULATION.455b60899b
[0m14:22:16.165015 [debug] [Thread-11 ]: Finished running node test.demo.source_is_positive_amount_tasty_bytes_MENU_COST_OF_GOODS_USD.a786b360c5
[0m14:22:16.165823 [debug] [Thread-12 ]: Finished running node test.demo.source_is_positive_amount_tasty_bytes_MENU_SALE_PRICE_USD.349962fa90
[0m14:22:16.166572 [debug] [Thread-13 ]: Finished running node test.demo.source_is_positive_amount_tasty_bytes_ORDER_DETAIL_PRICE.0c509fea0b
[0m14:22:16.167154 [debug] [Thread-3 (]: Began running node test.demo.source_not_null_tasty_bytes_COUNTRY_COUNTRY_ID.f7a246cdf5
[0m14:22:16.167971 [debug] [Thread-14 ]: Finished running node test.demo.source_is_positive_amount_tasty_bytes_ORDER_DETAIL_QUANTITY.d4decbe969
[0m14:22:16.168720 [debug] [Thread-15 ]: Finished running node test.demo.source_is_positive_amount_tasty_bytes_ORDER_DETAIL_UNIT_PRICE.059aceb636
[0m14:22:16.169535 [debug] [Thread-16 ]: Finished running node test.demo.source_is_positive_amount_tasty_bytes_ORDER_HEADER_ORDER_AMOUNT.62f7c0746d
[0m14:22:16.170088 [debug] [Thread-4 (]: Began running node test.demo.source_not_null_tasty_bytes_COUNTRY_ISO_COUNTRY.b88a1f3ec4
[0m14:22:16.170861 [debug] [Thread-17 ]: Finished running node test.demo.source_is_positive_amount_tasty_bytes_ORDER_HEADER_ORDER_TOTAL.ad56101225
[0m14:22:16.171422 [debug] [Thread-5 (]: Began running node test.demo.source_not_null_tasty_bytes_FRANCHISE_E_MAIL.484a61fcc8
[0m14:22:16.172051 [debug] [Thread-6 (]: Began running node test.demo.source_not_null_tasty_bytes_FRANCHISE_FIRST_NAME.60f34d639f
[0m14:22:16.172681 [debug] [Thread-7 (]: Began running node test.demo.source_not_null_tasty_bytes_FRANCHISE_FRANCHISE_ID.915a34362f
[0m14:22:16.173348 [debug] [Thread-8 (]: Began running node test.demo.source_not_null_tasty_bytes_FRANCHISE_LAST_NAME.52e9df7091
[0m14:22:16.174136 [debug] [Thread-2 (]: Re-using an available connection from the pool (formerly model.demo.lnd_tb_raw_customer_customer_loyalty, now test.demo.source_not_null_tasty_bytes_COUNTRY_COUNTRY.041f384db8)
[0m14:22:16.174705 [debug] [Thread-9 (]: Began running node test.demo.source_not_null_tasty_bytes_LOCATION_CITY.22c206b3a9
[0m14:22:16.175436 [debug] [Thread-10 ]: Began running node test.demo.source_not_null_tasty_bytes_LOCATION_COUNTRY.183f4dd186
[0m14:22:16.176103 [debug] [Thread-11 ]: Began running node test.demo.source_not_null_tasty_bytes_LOCATION_ISO_COUNTRY_CODE.d7f0f04daa
[0m14:22:16.176749 [debug] [Thread-12 ]: Began running node test.demo.source_not_null_tasty_bytes_LOCATION_LOCATION.bd6b642b8a
[0m14:22:16.177421 [debug] [Thread-13 ]: Began running node test.demo.source_not_null_tasty_bytes_LOCATION_LOCATION_ID.e3171e73c8
[0m14:22:16.178072 [debug] [Thread-3 (]: Re-using an available connection from the pool (formerly model.demo.lnd_tb_raw_pos_country, now test.demo.source_not_null_tasty_bytes_COUNTRY_COUNTRY_ID.f7a246cdf5)
[0m14:22:16.178642 [debug] [Thread-14 ]: Began running node test.demo.source_not_null_tasty_bytes_MENU_MENU_ID.2a8a13dd9e
[0m14:22:16.179316 [debug] [Thread-15 ]: Began running node test.demo.source_not_null_tasty_bytes_MENU_MENU_ITEM_ID.6bf29922bc
[0m14:22:16.179978 [debug] [Thread-16 ]: Began running node test.demo.source_not_null_tasty_bytes_MENU_MENU_ITEM_NAME.a9aea2fff7
[0m14:22:16.180612 [debug] [Thread-4 (]: Re-using an available connection from the pool (formerly model.demo.lnd_tb_raw_pos_franchise, now test.demo.source_not_null_tasty_bytes_COUNTRY_ISO_COUNTRY.b88a1f3ec4)
[0m14:22:16.181227 [debug] [Thread-17 ]: Began running node test.demo.source_not_null_tasty_bytes_MENU_MENU_TYPE_ID.bcc1b886ca
[0m14:22:16.181930 [debug] [Thread-5 (]: Re-using an available connection from the pool (formerly model.demo.lnd_tb_raw_pos_location, now test.demo.source_not_null_tasty_bytes_FRANCHISE_E_MAIL.484a61fcc8)
[0m14:22:16.182493 [debug] [Thread-6 (]: Re-using an available connection from the pool (formerly model.demo.lnd_tb_raw_pos_menu, now test.demo.source_not_null_tasty_bytes_FRANCHISE_FIRST_NAME.60f34d639f)
[0m14:22:16.183123 [debug] [Thread-7 (]: Re-using an available connection from the pool (formerly model.demo.lnd_tb_raw_pos_order_detail, now test.demo.source_not_null_tasty_bytes_FRANCHISE_FRANCHISE_ID.915a34362f)
[0m14:22:16.183681 [debug] [Thread-8 (]: Re-using an available connection from the pool (formerly model.demo.lnd_tb_raw_pos_order_header, now test.demo.source_not_null_tasty_bytes_FRANCHISE_LAST_NAME.52e9df7091)
[0m14:22:16.184230 [debug] [Thread-2 (]: Began compiling node test.demo.source_not_null_tasty_bytes_COUNTRY_COUNTRY.041f384db8
[0m14:22:16.184786 [debug] [Thread-9 (]: Re-using an available connection from the pool (formerly model.demo.lnd_tb_raw_pos_truck, now test.demo.source_not_null_tasty_bytes_LOCATION_CITY.22c206b3a9)
[0m14:22:16.185372 [debug] [Thread-10 ]: Re-using an available connection from the pool (formerly test.demo.source_is_positive_amount_tasty_bytes_COUNTRY_CITY_POPULATION.455b60899b, now test.demo.source_not_null_tasty_bytes_LOCATION_COUNTRY.183f4dd186)
[0m14:22:16.185957 [debug] [Thread-11 ]: Re-using an available connection from the pool (formerly test.demo.source_is_positive_amount_tasty_bytes_MENU_COST_OF_GOODS_USD.a786b360c5, now test.demo.source_not_null_tasty_bytes_LOCATION_ISO_COUNTRY_CODE.d7f0f04daa)
[0m14:22:16.186541 [debug] [Thread-12 ]: Re-using an available connection from the pool (formerly test.demo.source_is_positive_amount_tasty_bytes_MENU_SALE_PRICE_USD.349962fa90, now test.demo.source_not_null_tasty_bytes_LOCATION_LOCATION.bd6b642b8a)
[0m14:22:16.187125 [debug] [Thread-13 ]: Re-using an available connection from the pool (formerly test.demo.source_is_positive_amount_tasty_bytes_ORDER_DETAIL_PRICE.0c509fea0b, now test.demo.source_not_null_tasty_bytes_LOCATION_LOCATION_ID.e3171e73c8)
[0m14:22:16.187633 [debug] [Thread-3 (]: Began compiling node test.demo.source_not_null_tasty_bytes_COUNTRY_COUNTRY_ID.f7a246cdf5
[0m14:22:16.188194 [debug] [Thread-14 ]: Re-using an available connection from the pool (formerly test.demo.source_is_positive_amount_tasty_bytes_ORDER_DETAIL_QUANTITY.d4decbe969, now test.demo.source_not_null_tasty_bytes_MENU_MENU_ID.2a8a13dd9e)
[0m14:22:16.188741 [debug] [Thread-15 ]: Re-using an available connection from the pool (formerly test.demo.source_is_positive_amount_tasty_bytes_ORDER_DETAIL_UNIT_PRICE.059aceb636, now test.demo.source_not_null_tasty_bytes_MENU_MENU_ITEM_ID.6bf29922bc)
[0m14:22:16.189346 [debug] [Thread-16 ]: Re-using an available connection from the pool (formerly test.demo.source_is_positive_amount_tasty_bytes_ORDER_HEADER_ORDER_AMOUNT.62f7c0746d, now test.demo.source_not_null_tasty_bytes_MENU_MENU_ITEM_NAME.a9aea2fff7)
[0m14:22:16.189863 [debug] [Thread-4 (]: Began compiling node test.demo.source_not_null_tasty_bytes_COUNTRY_ISO_COUNTRY.b88a1f3ec4
[0m14:22:16.190451 [debug] [Thread-17 ]: Re-using an available connection from the pool (formerly test.demo.source_is_positive_amount_tasty_bytes_ORDER_HEADER_ORDER_TOTAL.ad56101225, now test.demo.source_not_null_tasty_bytes_MENU_MENU_TYPE_ID.bcc1b886ca)
[0m14:22:16.190958 [debug] [Thread-5 (]: Began compiling node test.demo.source_not_null_tasty_bytes_FRANCHISE_E_MAIL.484a61fcc8
[0m14:22:16.191475 [debug] [Thread-6 (]: Began compiling node test.demo.source_not_null_tasty_bytes_FRANCHISE_FIRST_NAME.60f34d639f
[0m14:22:16.192007 [debug] [Thread-7 (]: Began compiling node test.demo.source_not_null_tasty_bytes_FRANCHISE_FRANCHISE_ID.915a34362f
[0m14:22:16.192511 [debug] [Thread-8 (]: Began compiling node test.demo.source_not_null_tasty_bytes_FRANCHISE_LAST_NAME.52e9df7091
[0m14:22:16.203147 [debug] [Thread-2 (]: Writing injected SQL for node "test.demo.source_not_null_tasty_bytes_COUNTRY_COUNTRY.041f384db8"
[0m14:22:16.203828 [debug] [Thread-9 (]: Began compiling node test.demo.source_not_null_tasty_bytes_LOCATION_CITY.22c206b3a9
[0m14:22:16.204377 [debug] [Thread-10 ]: Began compiling node test.demo.source_not_null_tasty_bytes_LOCATION_COUNTRY.183f4dd186
[0m14:22:16.204889 [debug] [Thread-11 ]: Began compiling node test.demo.source_not_null_tasty_bytes_LOCATION_ISO_COUNTRY_CODE.d7f0f04daa
[0m14:22:16.205479 [debug] [Thread-12 ]: Began compiling node test.demo.source_not_null_tasty_bytes_LOCATION_LOCATION.bd6b642b8a
[0m14:22:16.206008 [debug] [Thread-13 ]: Began compiling node test.demo.source_not_null_tasty_bytes_LOCATION_LOCATION_ID.e3171e73c8
[0m14:22:16.213234 [debug] [Thread-3 (]: Writing injected SQL for node "test.demo.source_not_null_tasty_bytes_COUNTRY_COUNTRY_ID.f7a246cdf5"
[0m14:22:16.213916 [debug] [Thread-14 ]: Began compiling node test.demo.source_not_null_tasty_bytes_MENU_MENU_ID.2a8a13dd9e
[0m14:22:16.214475 [debug] [Thread-15 ]: Began compiling node test.demo.source_not_null_tasty_bytes_MENU_MENU_ITEM_ID.6bf29922bc
[0m14:22:16.214989 [debug] [Thread-16 ]: Began compiling node test.demo.source_not_null_tasty_bytes_MENU_MENU_ITEM_NAME.a9aea2fff7
[0m14:22:16.220534 [debug] [Thread-4 (]: Writing injected SQL for node "test.demo.source_not_null_tasty_bytes_COUNTRY_ISO_COUNTRY.b88a1f3ec4"
[0m14:22:16.221108 [debug] [Thread-17 ]: Began compiling node test.demo.source_not_null_tasty_bytes_MENU_MENU_TYPE_ID.bcc1b886ca
[0m14:22:16.226675 [debug] [Thread-5 (]: Writing injected SQL for node "test.demo.source_not_null_tasty_bytes_FRANCHISE_E_MAIL.484a61fcc8"
[0m14:22:16.232222 [debug] [Thread-6 (]: Writing injected SQL for node "test.demo.source_not_null_tasty_bytes_FRANCHISE_FIRST_NAME.60f34d639f"
[0m14:22:16.239215 [debug] [Thread-7 (]: Writing injected SQL for node "test.demo.source_not_null_tasty_bytes_FRANCHISE_FRANCHISE_ID.915a34362f"
[0m14:22:16.244831 [debug] [Thread-8 (]: Writing injected SQL for node "test.demo.source_not_null_tasty_bytes_FRANCHISE_LAST_NAME.52e9df7091"
[0m14:22:16.250724 [debug] [Thread-9 (]: Writing injected SQL for node "test.demo.source_not_null_tasty_bytes_LOCATION_CITY.22c206b3a9"
[0m14:22:16.251330 [debug] [Thread-2 (]: Began executing node test.demo.source_not_null_tasty_bytes_COUNTRY_COUNTRY.041f384db8
[0m14:22:16.256691 [debug] [Thread-10 ]: Writing injected SQL for node "test.demo.source_not_null_tasty_bytes_LOCATION_COUNTRY.183f4dd186"
[0m14:22:16.263707 [debug] [Thread-11 ]: Writing injected SQL for node "test.demo.source_not_null_tasty_bytes_LOCATION_ISO_COUNTRY_CODE.d7f0f04daa"
[0m14:22:16.269090 [debug] [Thread-12 ]: Writing injected SQL for node "test.demo.source_not_null_tasty_bytes_LOCATION_LOCATION.bd6b642b8a"
[0m14:22:16.274562 [debug] [Thread-13 ]: Writing injected SQL for node "test.demo.source_not_null_tasty_bytes_LOCATION_LOCATION_ID.e3171e73c8"
[0m14:22:16.275531 [debug] [Thread-3 (]: Began executing node test.demo.source_not_null_tasty_bytes_COUNTRY_COUNTRY_ID.f7a246cdf5
[0m14:22:16.280880 [debug] [Thread-14 ]: Writing injected SQL for node "test.demo.source_not_null_tasty_bytes_MENU_MENU_ID.2a8a13dd9e"
[0m14:22:16.288052 [debug] [Thread-15 ]: Writing injected SQL for node "test.demo.source_not_null_tasty_bytes_MENU_MENU_ITEM_ID.6bf29922bc"
[0m14:22:16.293542 [debug] [Thread-16 ]: Writing injected SQL for node "test.demo.source_not_null_tasty_bytes_MENU_MENU_ITEM_NAME.a9aea2fff7"
[0m14:22:16.299330 [debug] [Thread-17 ]: Writing injected SQL for node "test.demo.source_not_null_tasty_bytes_MENU_MENU_TYPE_ID.bcc1b886ca"
[0m14:22:16.299947 [debug] [Thread-4 (]: Began executing node test.demo.source_not_null_tasty_bytes_COUNTRY_ISO_COUNTRY.b88a1f3ec4
[0m14:22:16.300869 [debug] [Thread-5 (]: Began executing node test.demo.source_not_null_tasty_bytes_FRANCHISE_E_MAIL.484a61fcc8
[0m14:22:16.301709 [debug] [Thread-6 (]: Began executing node test.demo.source_not_null_tasty_bytes_FRANCHISE_FIRST_NAME.60f34d639f
[0m14:22:16.302390 [debug] [Thread-7 (]: Began executing node test.demo.source_not_null_tasty_bytes_FRANCHISE_FRANCHISE_ID.915a34362f
[0m14:22:16.303165 [debug] [Thread-8 (]: Began executing node test.demo.source_not_null_tasty_bytes_FRANCHISE_LAST_NAME.52e9df7091
[0m14:22:16.304085 [debug] [Thread-2 (]: Finished running node test.demo.source_not_null_tasty_bytes_COUNTRY_COUNTRY.041f384db8
[0m14:22:16.304635 [debug] [Thread-9 (]: Began executing node test.demo.source_not_null_tasty_bytes_LOCATION_CITY.22c206b3a9
[0m14:22:16.305679 [debug] [Thread-10 ]: Began executing node test.demo.source_not_null_tasty_bytes_LOCATION_COUNTRY.183f4dd186
[0m14:22:16.306369 [debug] [Thread-11 ]: Began executing node test.demo.source_not_null_tasty_bytes_LOCATION_ISO_COUNTRY_CODE.d7f0f04daa
[0m14:22:16.307180 [debug] [Thread-12 ]: Began executing node test.demo.source_not_null_tasty_bytes_LOCATION_LOCATION.bd6b642b8a
[0m14:22:16.308087 [debug] [Thread-3 (]: Finished running node test.demo.source_not_null_tasty_bytes_COUNTRY_COUNTRY_ID.f7a246cdf5
[0m14:22:16.308713 [debug] [Thread-13 ]: Began executing node test.demo.source_not_null_tasty_bytes_LOCATION_LOCATION_ID.e3171e73c8
[0m14:22:16.309661 [debug] [Thread-14 ]: Began executing node test.demo.source_not_null_tasty_bytes_MENU_MENU_ID.2a8a13dd9e
[0m14:22:16.310417 [debug] [Thread-15 ]: Began executing node test.demo.source_not_null_tasty_bytes_MENU_MENU_ITEM_ID.6bf29922bc
[0m14:22:16.311138 [debug] [Thread-16 ]: Began executing node test.demo.source_not_null_tasty_bytes_MENU_MENU_ITEM_NAME.a9aea2fff7
[0m14:22:16.311991 [debug] [Thread-4 (]: Finished running node test.demo.source_not_null_tasty_bytes_COUNTRY_ISO_COUNTRY.b88a1f3ec4
[0m14:22:16.312541 [debug] [Thread-17 ]: Began executing node test.demo.source_not_null_tasty_bytes_MENU_MENU_TYPE_ID.bcc1b886ca
[0m14:22:16.313338 [debug] [Thread-5 (]: Finished running node test.demo.source_not_null_tasty_bytes_FRANCHISE_E_MAIL.484a61fcc8
[0m14:22:16.314106 [debug] [Thread-6 (]: Finished running node test.demo.source_not_null_tasty_bytes_FRANCHISE_FIRST_NAME.60f34d639f
[0m14:22:16.314864 [debug] [Thread-7 (]: Finished running node test.demo.source_not_null_tasty_bytes_FRANCHISE_FRANCHISE_ID.915a34362f
[0m14:22:16.315620 [debug] [Thread-8 (]: Finished running node test.demo.source_not_null_tasty_bytes_FRANCHISE_LAST_NAME.52e9df7091
[0m14:22:16.316228 [debug] [Thread-2 (]: Began running node test.demo.source_not_null_tasty_bytes_ORDER_DETAIL_LINE_NUMBER.4a9d0ea41b
[0m14:22:16.317048 [debug] [Thread-9 (]: Finished running node test.demo.source_not_null_tasty_bytes_LOCATION_CITY.22c206b3a9
[0m14:22:16.317856 [debug] [Thread-10 ]: Finished running node test.demo.source_not_null_tasty_bytes_LOCATION_COUNTRY.183f4dd186
[0m14:22:16.318596 [debug] [Thread-11 ]: Finished running node test.demo.source_not_null_tasty_bytes_LOCATION_ISO_COUNTRY_CODE.d7f0f04daa
[0m14:22:16.319336 [debug] [Thread-12 ]: Finished running node test.demo.source_not_null_tasty_bytes_LOCATION_LOCATION.bd6b642b8a
[0m14:22:16.319926 [debug] [Thread-3 (]: Began running node test.demo.source_not_null_tasty_bytes_ORDER_DETAIL_MENU_ITEM_ID.7a80bd5542
[0m14:22:16.320755 [debug] [Thread-13 ]: Finished running node test.demo.source_not_null_tasty_bytes_LOCATION_LOCATION_ID.e3171e73c8
[0m14:22:16.321565 [debug] [Thread-14 ]: Finished running node test.demo.source_not_null_tasty_bytes_MENU_MENU_ID.2a8a13dd9e
[0m14:22:16.322327 [debug] [Thread-15 ]: Finished running node test.demo.source_not_null_tasty_bytes_MENU_MENU_ITEM_ID.6bf29922bc
[0m14:22:16.323067 [debug] [Thread-16 ]: Finished running node test.demo.source_not_null_tasty_bytes_MENU_MENU_ITEM_NAME.a9aea2fff7
[0m14:22:16.323657 [debug] [Thread-4 (]: Began running node test.demo.source_not_null_tasty_bytes_ORDER_DETAIL_ORDER_DETAIL_ID.f27acf0fec
[0m14:22:16.324469 [debug] [Thread-17 ]: Finished running node test.demo.source_not_null_tasty_bytes_MENU_MENU_TYPE_ID.bcc1b886ca
[0m14:22:16.325047 [debug] [Thread-5 (]: Began running node test.demo.source_not_null_tasty_bytes_ORDER_DETAIL_ORDER_ID.0403682618
[0m14:22:16.325710 [debug] [Thread-6 (]: Began running node test.demo.source_not_null_tasty_bytes_ORDER_DETAIL_QUANTITY.4fde84e57a
[0m14:22:16.326315 [debug] [Thread-7 (]: Began running node test.demo.source_not_null_tasty_bytes_ORDER_HEADER_LOCATION_ID.8690b90fe4
[0m14:22:16.326913 [debug] [Thread-8 (]: Began running node test.demo.source_not_null_tasty_bytes_ORDER_HEADER_ORDER_AMOUNT.2eb11c3081
[0m14:22:16.327529 [debug] [Thread-2 (]: Re-using an available connection from the pool (formerly test.demo.source_not_null_tasty_bytes_COUNTRY_COUNTRY.041f384db8, now test.demo.source_not_null_tasty_bytes_ORDER_DETAIL_LINE_NUMBER.4a9d0ea41b)
[0m14:22:16.328134 [debug] [Thread-9 (]: Began running node test.demo.source_not_null_tasty_bytes_ORDER_HEADER_ORDER_CURRENCY.e56b453e75
[0m14:22:16.328716 [debug] [Thread-10 ]: Began running node test.demo.source_not_null_tasty_bytes_ORDER_HEADER_ORDER_ID.89a5f3fbfa
[0m14:22:16.329365 [debug] [Thread-11 ]: Began running node test.demo.source_not_null_tasty_bytes_ORDER_HEADER_ORDER_TOTAL.2d1eb475fc
[0m14:22:16.329974 [debug] [Thread-12 ]: Began running node test.demo.source_not_null_tasty_bytes_ORDER_HEADER_ORDER_TS.36723d8df6
[0m14:22:16.330565 [debug] [Thread-3 (]: Re-using an available connection from the pool (formerly test.demo.source_not_null_tasty_bytes_COUNTRY_COUNTRY_ID.f7a246cdf5, now test.demo.source_not_null_tasty_bytes_ORDER_DETAIL_MENU_ITEM_ID.7a80bd5542)
[0m14:22:16.331106 [debug] [Thread-13 ]: Began running node test.demo.source_not_null_tasty_bytes_ORDER_HEADER_TRUCK_ID.c45e67bcfa
[0m14:22:16.331705 [debug] [Thread-14 ]: Began running node test.demo.source_not_null_tasty_bytes_TRUCK_COUNTRY.e93a800497
[0m14:22:16.332297 [debug] [Thread-15 ]: Began running node test.demo.source_not_null_tasty_bytes_TRUCK_MENU_TYPE_ID.6bd51c5577
[0m14:22:16.332888 [debug] [Thread-16 ]: Began running node test.demo.source_not_null_tasty_bytes_TRUCK_PRIMARY_CITY.e786a2ab44
[0m14:22:16.333558 [debug] [Thread-4 (]: Re-using an available connection from the pool (formerly test.demo.source_not_null_tasty_bytes_COUNTRY_ISO_COUNTRY.b88a1f3ec4, now test.demo.source_not_null_tasty_bytes_ORDER_DETAIL_ORDER_DETAIL_ID.f27acf0fec)
[0m14:22:16.334107 [debug] [Thread-17 ]: Began running node test.demo.source_not_null_tasty_bytes_TRUCK_TRUCK_ID.1ff63eb2fa
[0m14:22:16.334719 [debug] [Thread-5 (]: Re-using an available connection from the pool (formerly test.demo.source_not_null_tasty_bytes_FRANCHISE_E_MAIL.484a61fcc8, now test.demo.source_not_null_tasty_bytes_ORDER_DETAIL_ORDER_ID.0403682618)
[0m14:22:16.335288 [debug] [Thread-6 (]: Re-using an available connection from the pool (formerly test.demo.source_not_null_tasty_bytes_FRANCHISE_FIRST_NAME.60f34d639f, now test.demo.source_not_null_tasty_bytes_ORDER_DETAIL_QUANTITY.4fde84e57a)
[0m14:22:16.335846 [debug] [Thread-7 (]: Re-using an available connection from the pool (formerly test.demo.source_not_null_tasty_bytes_FRANCHISE_FRANCHISE_ID.915a34362f, now test.demo.source_not_null_tasty_bytes_ORDER_HEADER_LOCATION_ID.8690b90fe4)
[0m14:22:16.336384 [debug] [Thread-8 (]: Re-using an available connection from the pool (formerly test.demo.source_not_null_tasty_bytes_FRANCHISE_LAST_NAME.52e9df7091, now test.demo.source_not_null_tasty_bytes_ORDER_HEADER_ORDER_AMOUNT.2eb11c3081)
[0m14:22:16.336881 [debug] [Thread-2 (]: Began compiling node test.demo.source_not_null_tasty_bytes_ORDER_DETAIL_LINE_NUMBER.4a9d0ea41b
[0m14:22:16.337485 [debug] [Thread-9 (]: Re-using an available connection from the pool (formerly test.demo.source_not_null_tasty_bytes_LOCATION_CITY.22c206b3a9, now test.demo.source_not_null_tasty_bytes_ORDER_HEADER_ORDER_CURRENCY.e56b453e75)
[0m14:22:16.338041 [debug] [Thread-10 ]: Re-using an available connection from the pool (formerly test.demo.source_not_null_tasty_bytes_LOCATION_COUNTRY.183f4dd186, now test.demo.source_not_null_tasty_bytes_ORDER_HEADER_ORDER_ID.89a5f3fbfa)
[0m14:22:16.338592 [debug] [Thread-11 ]: Re-using an available connection from the pool (formerly test.demo.source_not_null_tasty_bytes_LOCATION_ISO_COUNTRY_CODE.d7f0f04daa, now test.demo.source_not_null_tasty_bytes_ORDER_HEADER_ORDER_TOTAL.2d1eb475fc)
[0m14:22:16.339154 [debug] [Thread-12 ]: Re-using an available connection from the pool (formerly test.demo.source_not_null_tasty_bytes_LOCATION_LOCATION.bd6b642b8a, now test.demo.source_not_null_tasty_bytes_ORDER_HEADER_ORDER_TS.36723d8df6)
[0m14:22:16.339660 [debug] [Thread-3 (]: Began compiling node test.demo.source_not_null_tasty_bytes_ORDER_DETAIL_MENU_ITEM_ID.7a80bd5542
[0m14:22:16.340199 [debug] [Thread-13 ]: Re-using an available connection from the pool (formerly test.demo.source_not_null_tasty_bytes_LOCATION_LOCATION_ID.e3171e73c8, now test.demo.source_not_null_tasty_bytes_ORDER_HEADER_TRUCK_ID.c45e67bcfa)
[0m14:22:16.340729 [debug] [Thread-14 ]: Re-using an available connection from the pool (formerly test.demo.source_not_null_tasty_bytes_MENU_MENU_ID.2a8a13dd9e, now test.demo.source_not_null_tasty_bytes_TRUCK_COUNTRY.e93a800497)
[0m14:22:16.341321 [debug] [Thread-15 ]: Re-using an available connection from the pool (formerly test.demo.source_not_null_tasty_bytes_MENU_MENU_ITEM_ID.6bf29922bc, now test.demo.source_not_null_tasty_bytes_TRUCK_MENU_TYPE_ID.6bd51c5577)
[0m14:22:16.341878 [debug] [Thread-16 ]: Re-using an available connection from the pool (formerly test.demo.source_not_null_tasty_bytes_MENU_MENU_ITEM_NAME.a9aea2fff7, now test.demo.source_not_null_tasty_bytes_TRUCK_PRIMARY_CITY.e786a2ab44)
[0m14:22:16.342377 [debug] [Thread-4 (]: Began compiling node test.demo.source_not_null_tasty_bytes_ORDER_DETAIL_ORDER_DETAIL_ID.f27acf0fec
[0m14:22:16.342920 [debug] [Thread-17 ]: Re-using an available connection from the pool (formerly test.demo.source_not_null_tasty_bytes_MENU_MENU_TYPE_ID.bcc1b886ca, now test.demo.source_not_null_tasty_bytes_TRUCK_TRUCK_ID.1ff63eb2fa)
[0m14:22:16.343414 [debug] [Thread-5 (]: Began compiling node test.demo.source_not_null_tasty_bytes_ORDER_DETAIL_ORDER_ID.0403682618
[0m14:22:16.343942 [debug] [Thread-6 (]: Began compiling node test.demo.source_not_null_tasty_bytes_ORDER_DETAIL_QUANTITY.4fde84e57a
[0m14:22:16.344444 [debug] [Thread-7 (]: Began compiling node test.demo.source_not_null_tasty_bytes_ORDER_HEADER_LOCATION_ID.8690b90fe4
[0m14:22:16.344932 [debug] [Thread-8 (]: Began compiling node test.demo.source_not_null_tasty_bytes_ORDER_HEADER_ORDER_AMOUNT.2eb11c3081
[0m14:22:16.350980 [debug] [Thread-2 (]: Writing injected SQL for node "test.demo.source_not_null_tasty_bytes_ORDER_DETAIL_LINE_NUMBER.4a9d0ea41b"
[0m14:22:16.351568 [debug] [Thread-9 (]: Began compiling node test.demo.source_not_null_tasty_bytes_ORDER_HEADER_ORDER_CURRENCY.e56b453e75
[0m14:22:16.352085 [debug] [Thread-10 ]: Began compiling node test.demo.source_not_null_tasty_bytes_ORDER_HEADER_ORDER_ID.89a5f3fbfa
[0m14:22:16.352567 [debug] [Thread-11 ]: Began compiling node test.demo.source_not_null_tasty_bytes_ORDER_HEADER_ORDER_TOTAL.2d1eb475fc
[0m14:22:16.353056 [debug] [Thread-12 ]: Began compiling node test.demo.source_not_null_tasty_bytes_ORDER_HEADER_ORDER_TS.36723d8df6
[0m14:22:16.360396 [debug] [Thread-3 (]: Writing injected SQL for node "test.demo.source_not_null_tasty_bytes_ORDER_DETAIL_MENU_ITEM_ID.7a80bd5542"
[0m14:22:16.360930 [debug] [Thread-13 ]: Began compiling node test.demo.source_not_null_tasty_bytes_ORDER_HEADER_TRUCK_ID.c45e67bcfa
[0m14:22:16.361484 [debug] [Thread-14 ]: Began compiling node test.demo.source_not_null_tasty_bytes_TRUCK_COUNTRY.e93a800497
[0m14:22:16.361969 [debug] [Thread-15 ]: Began compiling node test.demo.source_not_null_tasty_bytes_TRUCK_MENU_TYPE_ID.6bd51c5577
[0m14:22:16.362439 [debug] [Thread-16 ]: Began compiling node test.demo.source_not_null_tasty_bytes_TRUCK_PRIMARY_CITY.e786a2ab44
[0m14:22:16.367753 [debug] [Thread-4 (]: Writing injected SQL for node "test.demo.source_not_null_tasty_bytes_ORDER_DETAIL_ORDER_DETAIL_ID.f27acf0fec"
[0m14:22:16.368306 [debug] [Thread-17 ]: Began compiling node test.demo.source_not_null_tasty_bytes_TRUCK_TRUCK_ID.1ff63eb2fa
[0m14:22:16.373651 [debug] [Thread-5 (]: Writing injected SQL for node "test.demo.source_not_null_tasty_bytes_ORDER_DETAIL_ORDER_ID.0403682618"
[0m14:22:16.378940 [debug] [Thread-6 (]: Writing injected SQL for node "test.demo.source_not_null_tasty_bytes_ORDER_DETAIL_QUANTITY.4fde84e57a"
[0m14:22:16.386111 [debug] [Thread-7 (]: Writing injected SQL for node "test.demo.source_not_null_tasty_bytes_ORDER_HEADER_LOCATION_ID.8690b90fe4"
[0m14:22:16.391499 [debug] [Thread-8 (]: Writing injected SQL for node "test.demo.source_not_null_tasty_bytes_ORDER_HEADER_ORDER_AMOUNT.2eb11c3081"
[0m14:22:16.397135 [debug] [Thread-9 (]: Writing injected SQL for node "test.demo.source_not_null_tasty_bytes_ORDER_HEADER_ORDER_CURRENCY.e56b453e75"
[0m14:22:16.397799 [debug] [Thread-2 (]: Began executing node test.demo.source_not_null_tasty_bytes_ORDER_DETAIL_LINE_NUMBER.4a9d0ea41b
[0m14:22:16.403251 [debug] [Thread-10 ]: Writing injected SQL for node "test.demo.source_not_null_tasty_bytes_ORDER_HEADER_ORDER_ID.89a5f3fbfa"
[0m14:22:16.410310 [debug] [Thread-11 ]: Writing injected SQL for node "test.demo.source_not_null_tasty_bytes_ORDER_HEADER_ORDER_TOTAL.2d1eb475fc"
[0m14:22:16.415679 [debug] [Thread-12 ]: Writing injected SQL for node "test.demo.source_not_null_tasty_bytes_ORDER_HEADER_ORDER_TS.36723d8df6"
[0m14:22:16.421470 [debug] [Thread-13 ]: Writing injected SQL for node "test.demo.source_not_null_tasty_bytes_ORDER_HEADER_TRUCK_ID.c45e67bcfa"
[0m14:22:16.422060 [debug] [Thread-3 (]: Began executing node test.demo.source_not_null_tasty_bytes_ORDER_DETAIL_MENU_ITEM_ID.7a80bd5542
[0m14:22:16.427387 [debug] [Thread-14 ]: Writing injected SQL for node "test.demo.source_not_null_tasty_bytes_TRUCK_COUNTRY.e93a800497"
[0m14:22:16.434360 [debug] [Thread-15 ]: Writing injected SQL for node "test.demo.source_not_null_tasty_bytes_TRUCK_MENU_TYPE_ID.6bd51c5577"
[0m14:22:16.511289 [debug] [Thread-16 ]: Writing injected SQL for node "test.demo.source_not_null_tasty_bytes_TRUCK_PRIMARY_CITY.e786a2ab44"
[0m14:22:16.517330 [debug] [Thread-17 ]: Writing injected SQL for node "test.demo.source_not_null_tasty_bytes_TRUCK_TRUCK_ID.1ff63eb2fa"
[0m14:22:16.517954 [debug] [Thread-4 (]: Began executing node test.demo.source_not_null_tasty_bytes_ORDER_DETAIL_ORDER_DETAIL_ID.f27acf0fec
[0m14:22:16.518893 [debug] [Thread-5 (]: Began executing node test.demo.source_not_null_tasty_bytes_ORDER_DETAIL_ORDER_ID.0403682618
[0m14:22:16.519701 [debug] [Thread-6 (]: Began executing node test.demo.source_not_null_tasty_bytes_ORDER_DETAIL_QUANTITY.4fde84e57a
[0m14:22:16.520591 [debug] [Thread-7 (]: Began executing node test.demo.source_not_null_tasty_bytes_ORDER_HEADER_LOCATION_ID.8690b90fe4
[0m14:22:16.521348 [debug] [Thread-8 (]: Began executing node test.demo.source_not_null_tasty_bytes_ORDER_HEADER_ORDER_AMOUNT.2eb11c3081
[0m14:22:16.522280 [debug] [Thread-2 (]: Finished running node test.demo.source_not_null_tasty_bytes_ORDER_DETAIL_LINE_NUMBER.4a9d0ea41b
[0m14:22:16.523026 [debug] [Thread-9 (]: Began executing node test.demo.source_not_null_tasty_bytes_ORDER_HEADER_ORDER_CURRENCY.e56b453e75
[0m14:22:16.523910 [debug] [Thread-10 ]: Began executing node test.demo.source_not_null_tasty_bytes_ORDER_HEADER_ORDER_ID.89a5f3fbfa
[0m14:22:16.524741 [debug] [Thread-11 ]: Began executing node test.demo.source_not_null_tasty_bytes_ORDER_HEADER_ORDER_TOTAL.2d1eb475fc
[0m14:22:16.525611 [debug] [Thread-12 ]: Began executing node test.demo.source_not_null_tasty_bytes_ORDER_HEADER_ORDER_TS.36723d8df6
[0m14:22:16.526519 [debug] [Thread-3 (]: Finished running node test.demo.source_not_null_tasty_bytes_ORDER_DETAIL_MENU_ITEM_ID.7a80bd5542
[0m14:22:16.527146 [debug] [Thread-13 ]: Began executing node test.demo.source_not_null_tasty_bytes_ORDER_HEADER_TRUCK_ID.c45e67bcfa
[0m14:22:16.528047 [debug] [Thread-14 ]: Began executing node test.demo.source_not_null_tasty_bytes_TRUCK_COUNTRY.e93a800497
[0m14:22:16.528814 [debug] [Thread-15 ]: Began executing node test.demo.source_not_null_tasty_bytes_TRUCK_MENU_TYPE_ID.6bd51c5577
[0m14:22:16.529833 [debug] [Thread-16 ]: Began executing node test.demo.source_not_null_tasty_bytes_TRUCK_PRIMARY_CITY.e786a2ab44
[0m14:22:16.530641 [debug] [Thread-4 (]: Finished running node test.demo.source_not_null_tasty_bytes_ORDER_DETAIL_ORDER_DETAIL_ID.f27acf0fec
[0m14:22:16.531182 [debug] [Thread-17 ]: Began executing node test.demo.source_not_null_tasty_bytes_TRUCK_TRUCK_ID.1ff63eb2fa
[0m14:22:16.531915 [debug] [Thread-5 (]: Finished running node test.demo.source_not_null_tasty_bytes_ORDER_DETAIL_ORDER_ID.0403682618
[0m14:22:16.532674 [debug] [Thread-6 (]: Finished running node test.demo.source_not_null_tasty_bytes_ORDER_DETAIL_QUANTITY.4fde84e57a
[0m14:22:16.533510 [debug] [Thread-7 (]: Finished running node test.demo.source_not_null_tasty_bytes_ORDER_HEADER_LOCATION_ID.8690b90fe4
[0m14:22:16.534285 [debug] [Thread-8 (]: Finished running node test.demo.source_not_null_tasty_bytes_ORDER_HEADER_ORDER_AMOUNT.2eb11c3081
[0m14:22:16.534861 [debug] [Thread-2 (]: Began running node test.demo.source_not_null_tasty_bytes_TRUCK_TRUCK_OPENING_DATE.b1a1929ada
[0m14:22:16.535706 [debug] [Thread-9 (]: Finished running node test.demo.source_not_null_tasty_bytes_ORDER_HEADER_ORDER_CURRENCY.e56b453e75
[0m14:22:16.536455 [debug] [Thread-10 ]: Finished running node test.demo.source_not_null_tasty_bytes_ORDER_HEADER_ORDER_ID.89a5f3fbfa
[0m14:22:16.537206 [debug] [Thread-11 ]: Finished running node test.demo.source_not_null_tasty_bytes_ORDER_HEADER_ORDER_TOTAL.2d1eb475fc
[0m14:22:16.538020 [debug] [Thread-12 ]: Finished running node test.demo.source_not_null_tasty_bytes_ORDER_HEADER_ORDER_TS.36723d8df6
[0m14:22:16.538590 [debug] [Thread-3 (]: Began running node test.demo.source_not_null_tasty_bytes_TRUCK_YEAR.f9d1c04d0c
[0m14:22:16.539424 [debug] [Thread-13 ]: Finished running node test.demo.source_not_null_tasty_bytes_ORDER_HEADER_TRUCK_ID.c45e67bcfa
[0m14:22:16.540195 [debug] [Thread-14 ]: Finished running node test.demo.source_not_null_tasty_bytes_TRUCK_COUNTRY.e93a800497
[0m14:22:16.540951 [debug] [Thread-15 ]: Finished running node test.demo.source_not_null_tasty_bytes_TRUCK_MENU_TYPE_ID.6bd51c5577
[0m14:22:16.541759 [debug] [Thread-16 ]: Finished running node test.demo.source_not_null_tasty_bytes_TRUCK_PRIMARY_CITY.e786a2ab44
[0m14:22:16.542339 [debug] [Thread-4 (]: Began running node test.demo.source_relationships_tasty_bytes_ORDER_DETAIL_ORDER_ID__ORDER_ID__source_tasty_bytes_ORDER_HEADER_.57a12aa61e
[0m14:22:16.543131 [debug] [Thread-17 ]: Finished running node test.demo.source_not_null_tasty_bytes_TRUCK_TRUCK_ID.1ff63eb2fa
[0m14:22:16.543708 [debug] [Thread-5 (]: Began running node test.demo.source_relationships_tasty_bytes_ORDER_HEADER_LOCATION_ID__LOCATION_ID__source_tasty_bytes_LOCATION_.9fa903d9d1
[0m14:22:16.544320 [debug] [Thread-6 (]: Began running node test.demo.source_relationships_tasty_bytes_ORDER_HEADER_TRUCK_ID__TRUCK_ID__source_tasty_bytes_TRUCK_.09d0e76d4f
[0m14:22:16.544924 [debug] [Thread-7 (]: Began running node test.demo.source_relationships_tasty_bytes_TRUCK_FRANCHISE_ID__FRANCHISE_ID__source_tasty_bytes_FRANCHISE_.ac06396e76
[0m14:22:16.545561 [debug] [Thread-8 (]: Began running node test.demo.source_unique_tasty_bytes_LOCATION_LOCATION_ID.1334f92af6
[0m14:22:16.546189 [debug] [Thread-2 (]: Re-using an available connection from the pool (formerly test.demo.source_not_null_tasty_bytes_ORDER_DETAIL_LINE_NUMBER.4a9d0ea41b, now test.demo.source_not_null_tasty_bytes_TRUCK_TRUCK_OPENING_DATE.b1a1929ada)
[0m14:22:16.546756 [debug] [Thread-9 (]: Began running node test.demo.source_unique_tasty_bytes_LOCATION_PLACEKEY.6958c7d760
[0m14:22:16.547376 [debug] [Thread-10 ]: Began running node test.demo.source_unique_tasty_bytes_MENU_MENU_ID.e4f53516b5
[0m14:22:16.547975 [debug] [Thread-11 ]: Began running node test.demo.source_unique_tasty_bytes_TRUCK_TRUCK_ID.8e617e545d
[0m14:22:16.548590 [debug] [Thread-12 ]: Began running node model.demo.customer_loyalty_metrics
[0m14:22:16.549185 [debug] [Thread-3 (]: Re-using an available connection from the pool (formerly test.demo.source_not_null_tasty_bytes_ORDER_DETAIL_MENU_ITEM_ID.7a80bd5542, now test.demo.source_not_null_tasty_bytes_TRUCK_YEAR.f9d1c04d0c)
[0m14:22:16.549848 [debug] [Thread-13 ]: Began running node model.demo.orders
[0m14:22:16.550463 [debug] [Thread-14 ]: Began running node model.demo.sales_metrics_by_location
[0m14:22:16.551346 [debug] [Thread-4 (]: Re-using an available connection from the pool (formerly test.demo.source_not_null_tasty_bytes_ORDER_DETAIL_ORDER_DETAIL_ID.f27acf0fec, now test.demo.source_relationships_tasty_bytes_ORDER_DETAIL_ORDER_ID__ORDER_ID__source_tasty_bytes_ORDER_HEADER_.57a12aa61e)
[0m14:22:16.552089 [debug] [Thread-5 (]: Re-using an available connection from the pool (formerly test.demo.source_not_null_tasty_bytes_ORDER_DETAIL_ORDER_ID.0403682618, now test.demo.source_relationships_tasty_bytes_ORDER_HEADER_LOCATION_ID__LOCATION_ID__source_tasty_bytes_LOCATION_.9fa903d9d1)
[0m14:22:16.552645 [debug] [Thread-6 (]: Re-using an available connection from the pool (formerly test.demo.source_not_null_tasty_bytes_ORDER_DETAIL_QUANTITY.4fde84e57a, now test.demo.source_relationships_tasty_bytes_ORDER_HEADER_TRUCK_ID__TRUCK_ID__source_tasty_bytes_TRUCK_.09d0e76d4f)
[0m14:22:16.553245 [debug] [Thread-7 (]: Re-using an available connection from the pool (formerly test.demo.source_not_null_tasty_bytes_ORDER_HEADER_LOCATION_ID.8690b90fe4, now test.demo.source_relationships_tasty_bytes_TRUCK_FRANCHISE_ID__FRANCHISE_ID__source_tasty_bytes_FRANCHISE_.ac06396e76)
[0m14:22:16.553892 [debug] [Thread-8 (]: Re-using an available connection from the pool (formerly test.demo.source_not_null_tasty_bytes_ORDER_HEADER_ORDER_AMOUNT.2eb11c3081, now test.demo.source_unique_tasty_bytes_LOCATION_LOCATION_ID.1334f92af6)
[0m14:22:16.554428 [debug] [Thread-2 (]: Began compiling node test.demo.source_not_null_tasty_bytes_TRUCK_TRUCK_OPENING_DATE.b1a1929ada
[0m14:22:16.554978 [debug] [Thread-9 (]: Re-using an available connection from the pool (formerly test.demo.source_not_null_tasty_bytes_ORDER_HEADER_ORDER_CURRENCY.e56b453e75, now test.demo.source_unique_tasty_bytes_LOCATION_PLACEKEY.6958c7d760)
[0m14:22:16.555553 [debug] [Thread-10 ]: Re-using an available connection from the pool (formerly test.demo.source_not_null_tasty_bytes_ORDER_HEADER_ORDER_ID.89a5f3fbfa, now test.demo.source_unique_tasty_bytes_MENU_MENU_ID.e4f53516b5)
[0m14:22:16.556153 [debug] [Thread-11 ]: Re-using an available connection from the pool (formerly test.demo.source_not_null_tasty_bytes_ORDER_HEADER_ORDER_TOTAL.2d1eb475fc, now test.demo.source_unique_tasty_bytes_TRUCK_TRUCK_ID.8e617e545d)
[0m14:22:16.556692 [debug] [Thread-12 ]: Re-using an available connection from the pool (formerly test.demo.source_not_null_tasty_bytes_ORDER_HEADER_ORDER_TS.36723d8df6, now model.demo.customer_loyalty_metrics)
[0m14:22:16.557188 [debug] [Thread-3 (]: Began compiling node test.demo.source_not_null_tasty_bytes_TRUCK_YEAR.f9d1c04d0c
[0m14:22:16.557795 [debug] [Thread-13 ]: Re-using an available connection from the pool (formerly test.demo.source_not_null_tasty_bytes_ORDER_HEADER_TRUCK_ID.c45e67bcfa, now model.demo.orders)
[0m14:22:16.558338 [debug] [Thread-14 ]: Re-using an available connection from the pool (formerly test.demo.source_not_null_tasty_bytes_TRUCK_COUNTRY.e93a800497, now model.demo.sales_metrics_by_location)
[0m14:22:16.558837 [debug] [Thread-4 (]: Began compiling node test.demo.source_relationships_tasty_bytes_ORDER_DETAIL_ORDER_ID__ORDER_ID__source_tasty_bytes_ORDER_HEADER_.57a12aa61e
[0m14:22:16.559328 [debug] [Thread-5 (]: Began compiling node test.demo.source_relationships_tasty_bytes_ORDER_HEADER_LOCATION_ID__LOCATION_ID__source_tasty_bytes_LOCATION_.9fa903d9d1
[0m14:22:16.559813 [debug] [Thread-6 (]: Began compiling node test.demo.source_relationships_tasty_bytes_ORDER_HEADER_TRUCK_ID__TRUCK_ID__source_tasty_bytes_TRUCK_.09d0e76d4f
[0m14:22:16.560288 [debug] [Thread-7 (]: Began compiling node test.demo.source_relationships_tasty_bytes_TRUCK_FRANCHISE_ID__FRANCHISE_ID__source_tasty_bytes_FRANCHISE_.ac06396e76
[0m14:22:16.560806 [debug] [Thread-8 (]: Began compiling node test.demo.source_unique_tasty_bytes_LOCATION_LOCATION_ID.1334f92af6
[0m14:22:16.567044 [debug] [Thread-2 (]: Writing injected SQL for node "test.demo.source_not_null_tasty_bytes_TRUCK_TRUCK_OPENING_DATE.b1a1929ada"
[0m14:22:16.567596 [debug] [Thread-9 (]: Began compiling node test.demo.source_unique_tasty_bytes_LOCATION_PLACEKEY.6958c7d760
[0m14:22:16.568173 [debug] [Thread-10 ]: Began compiling node test.demo.source_unique_tasty_bytes_MENU_MENU_ID.e4f53516b5
[0m14:22:16.568712 [debug] [Thread-11 ]: Began compiling node test.demo.source_unique_tasty_bytes_TRUCK_TRUCK_ID.8e617e545d
[0m14:22:16.569330 [debug] [Thread-12 ]: Began compiling node model.demo.customer_loyalty_metrics
[0m14:22:16.576589 [debug] [Thread-3 (]: Writing injected SQL for node "test.demo.source_not_null_tasty_bytes_TRUCK_YEAR.f9d1c04d0c"
[0m14:22:16.577145 [debug] [Thread-13 ]: Began compiling node model.demo.orders
[0m14:22:16.577766 [debug] [Thread-14 ]: Began compiling node model.demo.sales_metrics_by_location
[0m14:22:16.584571 [debug] [Thread-4 (]: Writing injected SQL for node "test.demo.source_relationships_tasty_bytes_ORDER_DETAIL_ORDER_ID__ORDER_ID__source_tasty_bytes_ORDER_HEADER_.57a12aa61e"
[0m14:22:16.591338 [debug] [Thread-5 (]: Writing injected SQL for node "test.demo.source_relationships_tasty_bytes_ORDER_HEADER_LOCATION_ID__LOCATION_ID__source_tasty_bytes_LOCATION_.9fa903d9d1"
[0m14:22:16.598010 [debug] [Thread-6 (]: Writing injected SQL for node "test.demo.source_relationships_tasty_bytes_ORDER_HEADER_TRUCK_ID__TRUCK_ID__source_tasty_bytes_TRUCK_.09d0e76d4f"
[0m14:22:16.606622 [debug] [Thread-7 (]: Writing injected SQL for node "test.demo.source_relationships_tasty_bytes_TRUCK_FRANCHISE_ID__FRANCHISE_ID__source_tasty_bytes_FRANCHISE_.ac06396e76"
[0m14:22:16.614497 [debug] [Thread-8 (]: Writing injected SQL for node "test.demo.source_unique_tasty_bytes_LOCATION_LOCATION_ID.1334f92af6"
[0m14:22:16.620329 [debug] [Thread-9 (]: Writing injected SQL for node "test.demo.source_unique_tasty_bytes_LOCATION_PLACEKEY.6958c7d760"
[0m14:22:16.620992 [debug] [Thread-2 (]: Began executing node test.demo.source_not_null_tasty_bytes_TRUCK_TRUCK_OPENING_DATE.b1a1929ada
[0m14:22:16.626539 [debug] [Thread-10 ]: Writing injected SQL for node "test.demo.source_unique_tasty_bytes_MENU_MENU_ID.e4f53516b5"
[0m14:22:16.634065 [debug] [Thread-11 ]: Writing injected SQL for node "test.demo.source_unique_tasty_bytes_TRUCK_TRUCK_ID.8e617e545d"
[0m14:22:16.638631 [debug] [Thread-12 ]: Writing injected SQL for node "model.demo.customer_loyalty_metrics"
[0m14:22:16.644516 [debug] [Thread-13 ]: Writing injected SQL for node "model.demo.orders"
[0m14:22:16.645103 [debug] [Thread-3 (]: Began executing node test.demo.source_not_null_tasty_bytes_TRUCK_YEAR.f9d1c04d0c
[0m14:22:16.669351 [debug] [Thread-14 ]: Writing injected SQL for node "model.demo.sales_metrics_by_location"
[0m14:22:16.670410 [debug] [Thread-4 (]: Began executing node test.demo.source_relationships_tasty_bytes_ORDER_DETAIL_ORDER_ID__ORDER_ID__source_tasty_bytes_ORDER_HEADER_.57a12aa61e
[0m14:22:16.671202 [debug] [Thread-5 (]: Began executing node test.demo.source_relationships_tasty_bytes_ORDER_HEADER_LOCATION_ID__LOCATION_ID__source_tasty_bytes_LOCATION_.9fa903d9d1
[0m14:22:16.671989 [debug] [Thread-6 (]: Began executing node test.demo.source_relationships_tasty_bytes_ORDER_HEADER_TRUCK_ID__TRUCK_ID__source_tasty_bytes_TRUCK_.09d0e76d4f
[0m14:22:16.672817 [debug] [Thread-7 (]: Began executing node test.demo.source_relationships_tasty_bytes_TRUCK_FRANCHISE_ID__FRANCHISE_ID__source_tasty_bytes_FRANCHISE_.ac06396e76
[0m14:22:16.673592 [debug] [Thread-8 (]: Began executing node test.demo.source_unique_tasty_bytes_LOCATION_LOCATION_ID.1334f92af6
[0m14:22:16.674525 [debug] [Thread-2 (]: Finished running node test.demo.source_not_null_tasty_bytes_TRUCK_TRUCK_OPENING_DATE.b1a1929ada
[0m14:22:16.675059 [debug] [Thread-9 (]: Began executing node test.demo.source_unique_tasty_bytes_LOCATION_PLACEKEY.6958c7d760
[0m14:22:16.676093 [debug] [Thread-10 ]: Began executing node test.demo.source_unique_tasty_bytes_MENU_MENU_ID.e4f53516b5
[0m14:22:16.676813 [debug] [Thread-11 ]: Began executing node test.demo.source_unique_tasty_bytes_TRUCK_TRUCK_ID.8e617e545d
[0m14:22:16.677859 [debug] [Thread-12 ]: Began executing node model.demo.customer_loyalty_metrics
[0m14:22:16.678652 [debug] [Thread-3 (]: Finished running node test.demo.source_not_null_tasty_bytes_TRUCK_YEAR.f9d1c04d0c
[0m14:22:16.679156 [debug] [Thread-13 ]: Began executing node model.demo.orders
[0m14:22:16.680105 [debug] [Thread-4 (]: Finished running node test.demo.source_relationships_tasty_bytes_ORDER_DETAIL_ORDER_ID__ORDER_ID__source_tasty_bytes_ORDER_HEADER_.57a12aa61e
[0m14:22:16.680687 [debug] [Thread-14 ]: Began executing node model.demo.sales_metrics_by_location
[0m14:22:16.681540 [debug] [Thread-5 (]: Finished running node test.demo.source_relationships_tasty_bytes_ORDER_HEADER_LOCATION_ID__LOCATION_ID__source_tasty_bytes_LOCATION_.9fa903d9d1
[0m14:22:16.682337 [debug] [Thread-6 (]: Finished running node test.demo.source_relationships_tasty_bytes_ORDER_HEADER_TRUCK_ID__TRUCK_ID__source_tasty_bytes_TRUCK_.09d0e76d4f
[0m14:22:16.683109 [debug] [Thread-7 (]: Finished running node test.demo.source_relationships_tasty_bytes_TRUCK_FRANCHISE_ID__FRANCHISE_ID__source_tasty_bytes_FRANCHISE_.ac06396e76
[0m14:22:16.683887 [debug] [Thread-8 (]: Finished running node test.demo.source_unique_tasty_bytes_LOCATION_LOCATION_ID.1334f92af6
[0m14:22:16.684842 [debug] [Thread-9 (]: Finished running node test.demo.source_unique_tasty_bytes_LOCATION_PLACEKEY.6958c7d760
[0m14:22:16.685689 [debug] [Thread-10 ]: Finished running node test.demo.source_unique_tasty_bytes_MENU_MENU_ID.e4f53516b5
[0m14:22:16.686450 [debug] [Thread-11 ]: Finished running node test.demo.source_unique_tasty_bytes_TRUCK_TRUCK_ID.8e617e545d
[0m14:22:16.687272 [debug] [Thread-12 ]: Finished running node model.demo.customer_loyalty_metrics
[0m14:22:16.688213 [debug] [Thread-13 ]: Finished running node model.demo.orders
[0m14:22:16.689190 [debug] [Thread-14 ]: Finished running node model.demo.sales_metrics_by_location
[0m14:22:16.696211 [debug] [Dummy-1   ]: Connection 'master' was properly closed.
[0m14:22:16.696783 [debug] [Dummy-1   ]: Connection 'test.demo.source_not_null_tasty_bytes_TRUCK_TRUCK_OPENING_DATE.b1a1929ada' was properly closed.
[0m14:22:16.697211 [debug] [Dummy-1   ]: Connection 'test.demo.source_not_null_tasty_bytes_TRUCK_YEAR.f9d1c04d0c' was properly closed.
[0m14:22:16.697714 [debug] [Dummy-1   ]: Connection 'test.demo.source_relationships_tasty_bytes_ORDER_DETAIL_ORDER_ID__ORDER_ID__source_tasty_bytes_ORDER_HEADER_.57a12aa61e' was properly closed.
[0m14:22:16.698135 [debug] [Dummy-1   ]: Connection 'test.demo.source_relationships_tasty_bytes_ORDER_HEADER_LOCATION_ID__LOCATION_ID__source_tasty_bytes_LOCATION_.9fa903d9d1' was properly closed.
[0m14:22:16.698563 [debug] [Dummy-1   ]: Connection 'test.demo.source_relationships_tasty_bytes_ORDER_HEADER_TRUCK_ID__TRUCK_ID__source_tasty_bytes_TRUCK_.09d0e76d4f' was properly closed.
[0m14:22:16.698981 [debug] [Dummy-1   ]: Connection 'test.demo.source_relationships_tasty_bytes_TRUCK_FRANCHISE_ID__FRANCHISE_ID__source_tasty_bytes_FRANCHISE_.ac06396e76' was properly closed.
[0m14:22:16.699387 [debug] [Dummy-1   ]: Connection 'test.demo.source_unique_tasty_bytes_LOCATION_LOCATION_ID.1334f92af6' was properly closed.
[0m14:22:16.699785 [debug] [Dummy-1   ]: Connection 'test.demo.source_unique_tasty_bytes_LOCATION_PLACEKEY.6958c7d760' was properly closed.
[0m14:22:16.700166 [debug] [Dummy-1   ]: Connection 'test.demo.source_unique_tasty_bytes_MENU_MENU_ID.e4f53516b5' was properly closed.
[0m14:22:16.700542 [debug] [Dummy-1   ]: Connection 'test.demo.source_unique_tasty_bytes_TRUCK_TRUCK_ID.8e617e545d' was properly closed.
[0m14:22:16.700912 [debug] [Dummy-1   ]: Connection 'model.demo.customer_loyalty_metrics' was properly closed.
[0m14:22:16.701331 [debug] [Dummy-1   ]: Connection 'model.demo.orders' was properly closed.
[0m14:22:16.701740 [debug] [Dummy-1   ]: Connection 'model.demo.sales_metrics_by_location' was properly closed.
[0m14:22:16.702119 [debug] [Dummy-1   ]: Connection 'test.demo.source_not_null_tasty_bytes_TRUCK_MENU_TYPE_ID.6bd51c5577' was properly closed.
[0m14:22:16.702489 [debug] [Dummy-1   ]: Connection 'test.demo.source_not_null_tasty_bytes_TRUCK_PRIMARY_CITY.e786a2ab44' was properly closed.
[0m14:22:16.702851 [debug] [Dummy-1   ]: Connection 'test.demo.source_not_null_tasty_bytes_TRUCK_TRUCK_ID.1ff63eb2fa' was properly closed.
[0m14:22:16.709606 [debug] [Dummy-1   ]: Command end result
[0m14:22:16.749872 [debug] [Dummy-1   ]: Wrote artifact WritableManifest to /tmp/dbt/target/manifest.json
[0m14:22:16.751988 [debug] [Dummy-1   ]: Wrote artifact SemanticManifest to /tmp/dbt/target/semantic_manifest.json
[0m14:22:16.760630 [debug] [Dummy-1   ]: Wrote artifact RunExecutionResult to /tmp/dbt/target/run_results.json
[0m14:22:16.762530 [debug] [Dummy-1   ]: Resource report: {"command_name": "compile", "command_success": true, "command_wall_clock_time": 4.773145, "process_in_blocks": "0", "process_kernel_time": 1.04, "process_mem_max_rss": "569952", "process_out_blocks": "0", "process_user_time": 6.22}
[0m14:22:16.763179 [debug] [Dummy-1   ]: Command `cli compile` succeeded at 14:22:16.762917 after 4.77 seconds
[0m14:22:16.763722 [debug] [Dummy-1   ]: Flushing usage events


============================== 14:31:34.203108 | 98e98baf-8866-4934-8837-66cb4e1b7d34 ==============================
[0m14:31:34.203108 [info ] [Dummy-1   ]: Running with dbt=1.9.4
[0m14:31:34.204077 [debug] [Dummy-1   ]: running dbt with arguments {'printer_width': '80', 'indirect_selection': 'eager', 'log_cache_events': 'False', 'write_json': 'True', 'partial_parse': 'True', 'cache_selected_only': 'False', 'warn_error': 'None', 'debug': 'False', 'fail_fast': 'False', 'log_path': '/tmp/dbt/logs', 'version_check': 'True', 'profiles_dir': '/tmp/dbt_effective_profiles_1qi93hs4', 'use_colors': 'True', 'use_experimental_parser': 'False', 'no_print': 'None', 'quiet': 'False', 'empty': 'False', 'log_format': 'default', 'static_parser': 'True', 'warn_error_options': 'WarnErrorOptions(include=[], exclude=[])', 'introspect': 'True', 'target_path': 'None', 'invocation_command': 'dbt ', 'send_anonymous_usage_stats': 'False'}
[0m14:31:34.497274 [info ] [Dummy-1   ]: Registered adapter: snowflake=1.9.2
[0m14:31:35.036779 [debug] [Dummy-1   ]: checksum: d0386c961d148822e25989858a70bb140ca130dc5d9d9ab4513077dae97a3155, vars: {}, profile: , target: dw, version: 1.9.4
[0m14:31:35.350008 [debug] [Dummy-1   ]: Partial parsing enabled: 0 files deleted, 0 files added, 0 files changed.
[0m14:31:35.350632 [debug] [Dummy-1   ]: Partial parsing enabled, no changes found, skipping parsing
[0m14:31:35.509914 [debug] [Dummy-1   ]: Wrote artifact WritableManifest to /tmp/dbt/target/manifest.json
[0m14:31:35.512182 [debug] [Dummy-1   ]: Wrote artifact SemanticManifest to /tmp/dbt/target/semantic_manifest.json
[0m14:31:35.560325 [info ] [Dummy-1   ]: Found 11 models, 50 data tests, 8 sources, 599 macros
[0m14:31:35.563679 [info ] [Dummy-1   ]: 
[0m14:31:35.564318 [info ] [Dummy-1   ]: Concurrency: 16 threads (target='dw')
[0m14:31:35.564844 [info ] [Dummy-1   ]: 
[0m14:31:35.565728 [debug] [Dummy-1   ]: Acquiring new snowflake connection 'master'
[0m14:31:35.572449 [debug] [ThreadPool]: Acquiring new snowflake connection 'list_ddw'
[0m14:31:35.674398 [debug] [ThreadPool]: Using snowflake connection "list_ddw"
[0m14:31:35.674999 [debug] [ThreadPool]: On list_ddw: /* {"app": "dbt", "dbt_version": "1.9.4", "profile_name": "demo", "target_name": "dw", "connection_name": "list_ddw"} */
show terse schemas in database ddw
    limit 10000
[0m14:31:35.675503 [debug] [ThreadPool]: Opening a new connection, currently in state init
[0m14:31:36.391247 [debug] [ThreadPool]: SQL status: SUCCESS 4 in 0.716 seconds
[0m14:31:36.396337 [debug] [ThreadPool]: Acquiring new snowflake connection 'list_ddw_edw'
[0m14:31:36.409912 [debug] [ThreadPool]: Using snowflake connection "list_ddw_edw"
[0m14:31:36.410512 [debug] [ThreadPool]: On list_ddw_edw: /* {"app": "dbt", "dbt_version": "1.9.4", "profile_name": "demo", "target_name": "dw", "connection_name": "list_ddw_edw"} */
alter session set quoted_identifiers_ignore_case = false;
[0m14:31:36.411017 [debug] [ThreadPool]: Opening a new connection, currently in state init
[0m14:31:36.979945 [debug] [ThreadPool]: SQL status: SUCCESS 1 in 0.569 seconds
[0m14:31:36.984680 [debug] [ThreadPool]: Using snowflake connection "list_ddw_edw"
[0m14:31:36.985304 [debug] [ThreadPool]: On list_ddw_edw: /* {"app": "dbt", "dbt_version": "1.9.4", "profile_name": "demo", "target_name": "dw", "connection_name": "list_ddw_edw"} */
show objects in ddw.edw
    limit 10000
    
;
[0m14:31:37.078298 [debug] [ThreadPool]: SQL status: SUCCESS 0 in 0.092 seconds
[0m14:31:37.080185 [debug] [ThreadPool]: Using snowflake connection "list_ddw_edw"
[0m14:31:37.080695 [debug] [ThreadPool]: On list_ddw_edw: /* {"app": "dbt", "dbt_version": "1.9.4", "profile_name": "demo", "target_name": "dw", "connection_name": "list_ddw_edw"} */
alter session unset quoted_identifiers_ignore_case;
[0m14:31:37.161933 [debug] [ThreadPool]: SQL status: SUCCESS 1 in 0.081 seconds
[0m14:31:37.186348 [debug] [Thread-2 (]: Began running node model.demo.lnd_tb_raw_customer_customer_loyalty
[0m14:31:37.187042 [debug] [Thread-3 (]: Began running node model.demo.lnd_tb_raw_pos_country
[0m14:31:37.187668 [debug] [Thread-4 (]: Began running node model.demo.lnd_tb_raw_pos_franchise
[0m14:31:37.188338 [debug] [Thread-5 (]: Began running node model.demo.lnd_tb_raw_pos_location
[0m14:31:37.189069 [debug] [Thread-6 (]: Began running node model.demo.lnd_tb_raw_pos_menu
[0m14:31:37.189722 [debug] [Thread-7 (]: Began running node model.demo.lnd_tb_raw_pos_order_detail
[0m14:31:37.190436 [info ] [Thread-2 (]: 1 of 11 START sql view model edw.lnd_tb_raw_customer_customer_loyalty .......... [RUN]
[0m14:31:37.191085 [debug] [Thread-8 (]: Began running node model.demo.lnd_tb_raw_pos_order_header
[0m14:31:37.191722 [debug] [Thread-9 (]: Began running node model.demo.lnd_tb_raw_pos_truck
[0m14:31:37.192455 [info ] [Thread-3 (]: 2 of 11 START sql view model edw.lnd_tb_raw_pos_country ........................ [RUN]
[0m14:31:37.193362 [info ] [Thread-4 (]: 3 of 11 START sql view model edw.lnd_tb_raw_pos_franchise ...................... [RUN]
[0m14:31:37.194098 [info ] [Thread-5 (]: 4 of 11 START sql view model edw.lnd_tb_raw_pos_location ....................... [RUN]
[0m14:31:37.194857 [info ] [Thread-6 (]: 5 of 11 START sql view model edw.lnd_tb_raw_pos_menu ........................... [RUN]
[0m14:31:37.195548 [info ] [Thread-7 (]: 6 of 11 START sql view model edw.lnd_tb_raw_pos_order_detail ................... [RUN]
[0m14:31:37.196308 [debug] [Thread-2 (]: Re-using an available connection from the pool (formerly list_ddw_edw, now model.demo.lnd_tb_raw_customer_customer_loyalty)
[0m14:31:37.197041 [info ] [Thread-8 (]: 7 of 11 START sql view model edw.lnd_tb_raw_pos_order_header ................... [RUN]
[0m14:31:37.197733 [info ] [Thread-9 (]: 8 of 11 START sql view model edw.lnd_tb_raw_pos_truck .......................... [RUN]
[0m14:31:37.198420 [debug] [Thread-3 (]: Re-using an available connection from the pool (formerly list_ddw, now model.demo.lnd_tb_raw_pos_country)
[0m14:31:37.199131 [debug] [Thread-4 (]: Acquiring new snowflake connection 'model.demo.lnd_tb_raw_pos_franchise'
[0m14:31:37.199807 [debug] [Thread-5 (]: Acquiring new snowflake connection 'model.demo.lnd_tb_raw_pos_location'
[0m14:31:37.200480 [debug] [Thread-6 (]: Acquiring new snowflake connection 'model.demo.lnd_tb_raw_pos_menu'
[0m14:31:37.201223 [debug] [Thread-7 (]: Acquiring new snowflake connection 'model.demo.lnd_tb_raw_pos_order_detail'
[0m14:31:37.201796 [debug] [Thread-2 (]: Began compiling node model.demo.lnd_tb_raw_customer_customer_loyalty
[0m14:31:37.202443 [debug] [Thread-8 (]: Acquiring new snowflake connection 'model.demo.lnd_tb_raw_pos_order_header'
[0m14:31:37.203117 [debug] [Thread-9 (]: Acquiring new snowflake connection 'model.demo.lnd_tb_raw_pos_truck'
[0m14:31:37.203628 [debug] [Thread-3 (]: Began compiling node model.demo.lnd_tb_raw_pos_country
[0m14:31:37.204146 [debug] [Thread-4 (]: Began compiling node model.demo.lnd_tb_raw_pos_franchise
[0m14:31:37.204675 [debug] [Thread-5 (]: Began compiling node model.demo.lnd_tb_raw_pos_location
[0m14:31:37.205272 [debug] [Thread-6 (]: Began compiling node model.demo.lnd_tb_raw_pos_menu
[0m14:31:37.205784 [debug] [Thread-7 (]: Began compiling node model.demo.lnd_tb_raw_pos_order_detail
[0m14:31:37.216356 [debug] [Thread-2 (]: Writing injected SQL for node "model.demo.lnd_tb_raw_customer_customer_loyalty"
[0m14:31:37.217062 [debug] [Thread-8 (]: Began compiling node model.demo.lnd_tb_raw_pos_order_header
[0m14:31:37.217627 [debug] [Thread-9 (]: Began compiling node model.demo.lnd_tb_raw_pos_truck
[0m14:31:37.222647 [debug] [Thread-3 (]: Writing injected SQL for node "model.demo.lnd_tb_raw_pos_country"
[0m14:31:37.227643 [debug] [Thread-4 (]: Writing injected SQL for node "model.demo.lnd_tb_raw_pos_franchise"
[0m14:31:37.232523 [debug] [Thread-5 (]: Writing injected SQL for node "model.demo.lnd_tb_raw_pos_location"
[0m14:31:37.238927 [debug] [Thread-6 (]: Writing injected SQL for node "model.demo.lnd_tb_raw_pos_menu"
[0m14:31:37.243494 [debug] [Thread-7 (]: Writing injected SQL for node "model.demo.lnd_tb_raw_pos_order_detail"
[0m14:31:37.248345 [debug] [Thread-8 (]: Writing injected SQL for node "model.demo.lnd_tb_raw_pos_order_header"
[0m14:31:37.249205 [debug] [Thread-2 (]: Began executing node model.demo.lnd_tb_raw_customer_customer_loyalty
[0m14:31:37.253900 [debug] [Thread-9 (]: Writing injected SQL for node "model.demo.lnd_tb_raw_pos_truck"
[0m14:31:37.255048 [debug] [Thread-3 (]: Began executing node model.demo.lnd_tb_raw_pos_country
[0m14:31:37.255999 [debug] [Thread-4 (]: Began executing node model.demo.lnd_tb_raw_pos_franchise
[0m14:31:37.256767 [debug] [Thread-5 (]: Began executing node model.demo.lnd_tb_raw_pos_location
[0m14:31:37.257783 [debug] [Thread-6 (]: Began executing node model.demo.lnd_tb_raw_pos_menu
[0m14:31:37.258736 [debug] [Thread-7 (]: Began executing node model.demo.lnd_tb_raw_pos_order_detail
[0m14:31:37.272562 [debug] [Thread-8 (]: Began executing node model.demo.lnd_tb_raw_pos_order_header
[0m14:31:37.302795 [debug] [Thread-2 (]: Writing runtime sql for node "model.demo.lnd_tb_raw_customer_customer_loyalty"
[0m14:31:37.307827 [debug] [Thread-3 (]: Writing runtime sql for node "model.demo.lnd_tb_raw_pos_country"
[0m14:31:37.308499 [debug] [Thread-9 (]: Began executing node model.demo.lnd_tb_raw_pos_truck
[0m14:31:37.313113 [debug] [Thread-4 (]: Writing runtime sql for node "model.demo.lnd_tb_raw_pos_franchise"
[0m14:31:37.317538 [debug] [Thread-5 (]: Writing runtime sql for node "model.demo.lnd_tb_raw_pos_location"
[0m14:31:37.322972 [debug] [Thread-6 (]: Writing runtime sql for node "model.demo.lnd_tb_raw_pos_menu"
[0m14:31:37.327347 [debug] [Thread-7 (]: Writing runtime sql for node "model.demo.lnd_tb_raw_pos_order_detail"
[0m14:31:37.331745 [debug] [Thread-8 (]: Writing runtime sql for node "model.demo.lnd_tb_raw_pos_order_header"
[0m14:31:37.336902 [debug] [Thread-9 (]: Writing runtime sql for node "model.demo.lnd_tb_raw_pos_truck"
[0m14:31:37.338167 [debug] [Thread-2 (]: Using snowflake connection "model.demo.lnd_tb_raw_customer_customer_loyalty"
[0m14:31:37.338999 [debug] [Thread-3 (]: Using snowflake connection "model.demo.lnd_tb_raw_pos_country"
[0m14:31:37.340170 [debug] [Thread-4 (]: Using snowflake connection "model.demo.lnd_tb_raw_pos_franchise"
[0m14:31:37.341289 [debug] [Thread-5 (]: Using snowflake connection "model.demo.lnd_tb_raw_pos_location"
[0m14:31:37.342441 [debug] [Thread-6 (]: Using snowflake connection "model.demo.lnd_tb_raw_pos_menu"
[0m14:31:37.343481 [debug] [Thread-7 (]: Using snowflake connection "model.demo.lnd_tb_raw_pos_order_detail"
[0m14:31:37.344422 [debug] [Thread-8 (]: Using snowflake connection "model.demo.lnd_tb_raw_pos_order_header"
[0m14:31:37.345212 [debug] [Thread-2 (]: On model.demo.lnd_tb_raw_customer_customer_loyalty: /* {"app": "dbt", "dbt_version": "1.9.4", "profile_name": "demo", "target_name": "dw", "node_id": "model.demo.lnd_tb_raw_customer_customer_loyalty"} */
create or replace   view ddw.edw.lnd_tb_raw_customer_customer_loyalty
  
   as (
    select *
from dl_le_tasty_bytes.RAW.CUSTOMER_LOYALTY
  );
[0m14:31:37.346073 [debug] [Thread-9 (]: Using snowflake connection "model.demo.lnd_tb_raw_pos_truck"
[0m14:31:37.346611 [debug] [Thread-3 (]: On model.demo.lnd_tb_raw_pos_country: /* {"app": "dbt", "dbt_version": "1.9.4", "profile_name": "demo", "target_name": "dw", "node_id": "model.demo.lnd_tb_raw_pos_country"} */
create or replace   view ddw.edw.lnd_tb_raw_pos_country
  
   as (
    SELECT *
FROM dl_le_tasty_bytes.RAW.COUNTRY
  );
[0m14:31:37.347190 [debug] [Thread-4 (]: On model.demo.lnd_tb_raw_pos_franchise: /* {"app": "dbt", "dbt_version": "1.9.4", "profile_name": "demo", "target_name": "dw", "node_id": "model.demo.lnd_tb_raw_pos_franchise"} */
create or replace   view ddw.edw.lnd_tb_raw_pos_franchise
  
   as (
    SELECT *
FROM dl_le_tasty_bytes.RAW.FRANCHISE
  );
[0m14:31:37.347759 [debug] [Thread-5 (]: On model.demo.lnd_tb_raw_pos_location: /* {"app": "dbt", "dbt_version": "1.9.4", "profile_name": "demo", "target_name": "dw", "node_id": "model.demo.lnd_tb_raw_pos_location"} */
create or replace   view ddw.edw.lnd_tb_raw_pos_location
  
   as (
    SELECT *
FROM dl_le_tasty_bytes.RAW.LOCATION
  );
[0m14:31:37.348304 [debug] [Thread-6 (]: On model.demo.lnd_tb_raw_pos_menu: /* {"app": "dbt", "dbt_version": "1.9.4", "profile_name": "demo", "target_name": "dw", "node_id": "model.demo.lnd_tb_raw_pos_menu"} */
create or replace   view ddw.edw.lnd_tb_raw_pos_menu
  
   as (
    SELECT *
FROM dl_le_tasty_bytes.RAW.MENU
  );
[0m14:31:37.348862 [debug] [Thread-7 (]: On model.demo.lnd_tb_raw_pos_order_detail: /* {"app": "dbt", "dbt_version": "1.9.4", "profile_name": "demo", "target_name": "dw", "node_id": "model.demo.lnd_tb_raw_pos_order_detail"} */
create or replace   view ddw.edw.lnd_tb_raw_pos_order_detail
  
   as (
    SELECT *
FROM dl_le_tasty_bytes.RAW.ORDER_DETAIL
  );
[0m14:31:37.349492 [debug] [Thread-8 (]: On model.demo.lnd_tb_raw_pos_order_header: /* {"app": "dbt", "dbt_version": "1.9.4", "profile_name": "demo", "target_name": "dw", "node_id": "model.demo.lnd_tb_raw_pos_order_header"} */
create or replace   view ddw.edw.lnd_tb_raw_pos_order_header
  
   as (
    SELECT *
FROM dl_le_tasty_bytes.RAW.ORDER_HEADER
  );
[0m14:31:37.350058 [debug] [Thread-2 (]: Opening a new connection, currently in state init
[0m14:31:37.350582 [debug] [Thread-9 (]: On model.demo.lnd_tb_raw_pos_truck: /* {"app": "dbt", "dbt_version": "1.9.4", "profile_name": "demo", "target_name": "dw", "node_id": "model.demo.lnd_tb_raw_pos_truck"} */
create or replace   view ddw.edw.lnd_tb_raw_pos_truck
  
   as (
    SELECT *
FROM dl_le_tasty_bytes.RAW.TRUCK
  );
[0m14:31:37.351120 [debug] [Thread-3 (]: Opening a new connection, currently in state init
[0m14:31:37.351624 [debug] [Thread-4 (]: Opening a new connection, currently in state init
[0m14:31:37.352126 [debug] [Thread-5 (]: Opening a new connection, currently in state init
[0m14:31:37.352656 [debug] [Thread-6 (]: Opening a new connection, currently in state init
[0m14:31:37.353249 [debug] [Thread-7 (]: Opening a new connection, currently in state init
[0m14:31:37.353748 [debug] [Thread-8 (]: Opening a new connection, currently in state init
[0m14:31:37.354432 [debug] [Thread-9 (]: Opening a new connection, currently in state init
[0m14:31:38.174786 [debug] [Thread-3 (]: SQL status: SUCCESS 1 in 0.823 seconds
[0m14:31:38.194257 [debug] [Thread-5 (]: SQL status: SUCCESS 1 in 0.842 seconds
[0m14:31:38.195059 [debug] [Thread-6 (]: SQL status: SUCCESS 1 in 0.842 seconds
[0m14:31:38.195764 [debug] [Thread-9 (]: SQL status: SUCCESS 1 in 0.841 seconds
[0m14:31:38.196437 [debug] [Thread-4 (]: SQL status: SUCCESS 1 in 0.845 seconds
[0m14:31:38.201096 [debug] [Thread-7 (]: SQL status: SUCCESS 1 in 0.848 seconds
[0m14:31:38.201929 [debug] [Thread-8 (]: SQL status: SUCCESS 1 in 0.848 seconds
[0m14:31:38.205616 [debug] [Thread-2 (]: SQL status: SUCCESS 1 in 0.856 seconds
[0m14:31:38.212253 [info ] [Thread-3 (]: 2 of 11 OK created sql view model edw.lnd_tb_raw_pos_country ................... [[32mSUCCESS 1[0m in 1.00s]
[0m14:31:38.213162 [info ] [Thread-5 (]: 4 of 11 OK created sql view model edw.lnd_tb_raw_pos_location .................. [[32mSUCCESS 1[0m in 1.01s]
[0m14:31:38.213919 [info ] [Thread-6 (]: 5 of 11 OK created sql view model edw.lnd_tb_raw_pos_menu ...................... [[32mSUCCESS 1[0m in 1.01s]
[0m14:31:38.214685 [info ] [Thread-9 (]: 8 of 11 OK created sql view model edw.lnd_tb_raw_pos_truck ..................... [[32mSUCCESS 1[0m in 1.01s]
[0m14:31:38.217068 [info ] [Thread-7 (]: 6 of 11 OK created sql view model edw.lnd_tb_raw_pos_order_detail .............. [[32mSUCCESS 1[0m in 1.02s]
[0m14:31:38.217794 [info ] [Thread-4 (]: 3 of 11 OK created sql view model edw.lnd_tb_raw_pos_franchise ................. [[32mSUCCESS 1[0m in 1.01s]
[0m14:31:38.220437 [info ] [Thread-8 (]: 7 of 11 OK created sql view model edw.lnd_tb_raw_pos_order_header .............. [[32mSUCCESS 1[0m in 1.02s]
[0m14:31:38.222842 [info ] [Thread-2 (]: 1 of 11 OK created sql view model edw.lnd_tb_raw_customer_customer_loyalty ..... [[32mSUCCESS 1[0m in 1.03s]
[0m14:31:38.223649 [debug] [Thread-3 (]: Finished running node model.demo.lnd_tb_raw_pos_country
[0m14:31:38.224324 [debug] [Thread-5 (]: Finished running node model.demo.lnd_tb_raw_pos_location
[0m14:31:38.225057 [debug] [Thread-6 (]: Finished running node model.demo.lnd_tb_raw_pos_menu
[0m14:31:38.225755 [debug] [Thread-9 (]: Finished running node model.demo.lnd_tb_raw_pos_truck
[0m14:31:38.226413 [debug] [Thread-7 (]: Finished running node model.demo.lnd_tb_raw_pos_order_detail
[0m14:31:38.227043 [debug] [Thread-4 (]: Finished running node model.demo.lnd_tb_raw_pos_franchise
[0m14:31:38.227702 [debug] [Thread-8 (]: Finished running node model.demo.lnd_tb_raw_pos_order_header
[0m14:31:38.228359 [debug] [Thread-2 (]: Finished running node model.demo.lnd_tb_raw_customer_customer_loyalty
[0m14:31:38.230487 [debug] [Thread-11 ]: Began running node model.demo.sales_metrics_by_location
[0m14:31:38.231522 [debug] [Thread-13 ]: Began running node model.demo.customer_loyalty_metrics
[0m14:31:38.232127 [debug] [Thread-14 ]: Began running node model.demo.orders
[0m14:31:38.232833 [info ] [Thread-11 ]: 9 of 11 START python table model edw.sales_metrics_by_location ................. [RUN]
[0m14:31:38.233608 [info ] [Thread-13 ]: 10 of 11 START sql table model edw.customer_loyalty_metrics .................... [RUN]
[0m14:31:38.234280 [info ] [Thread-14 ]: 11 of 11 START sql table model edw.orders ...................................... [RUN]
[0m14:31:38.235069 [debug] [Thread-11 ]: Acquiring new snowflake connection 'model.demo.sales_metrics_by_location'
[0m14:31:38.235748 [debug] [Thread-13 ]: Acquiring new snowflake connection 'model.demo.customer_loyalty_metrics'
[0m14:31:38.236445 [debug] [Thread-14 ]: Acquiring new snowflake connection 'model.demo.orders'
[0m14:31:38.237107 [debug] [Thread-11 ]: Began compiling node model.demo.sales_metrics_by_location
[0m14:31:38.237697 [debug] [Thread-13 ]: Began compiling node model.demo.customer_loyalty_metrics
[0m14:31:38.238239 [debug] [Thread-14 ]: Began compiling node model.demo.orders
[0m14:31:38.264695 [debug] [Thread-11 ]: Writing injected SQL for node "model.demo.sales_metrics_by_location"
[0m14:31:38.270024 [debug] [Thread-13 ]: Writing injected SQL for node "model.demo.customer_loyalty_metrics"
[0m14:31:38.351266 [debug] [Thread-14 ]: Writing injected SQL for node "model.demo.orders"
[0m14:31:38.352627 [debug] [Thread-11 ]: Began executing node model.demo.sales_metrics_by_location
[0m14:31:38.353616 [debug] [Thread-13 ]: Began executing node model.demo.customer_loyalty_metrics
[0m14:31:38.382620 [debug] [Thread-11 ]: Writing runtime python for node "model.demo.sales_metrics_by_location"
[0m14:31:38.387472 [debug] [Thread-13 ]: Writing runtime sql for node "model.demo.customer_loyalty_metrics"
[0m14:31:38.388010 [debug] [Thread-14 ]: Began executing node model.demo.orders
[0m14:31:38.391328 [debug] [Thread-11 ]: Using snowflake connection "model.demo.sales_metrics_by_location"
[0m14:31:38.397218 [debug] [Thread-14 ]: Writing runtime sql for node "model.demo.orders"
[0m14:31:38.398566 [debug] [Thread-13 ]: Using snowflake connection "model.demo.customer_loyalty_metrics"
[0m14:31:38.399418 [debug] [Thread-11 ]: On model.demo.sales_metrics_by_location: /* {"app": "dbt", "dbt_version": "1.9.4", "profile_name": "demo", "target_name": "dw", "node_id": "model.demo.sales_metrics_by_location"} */
WITH sales_metrics_by_location__dbt_sp AS PROCEDURE ()

RETURNS STRING
LANGUAGE PYTHON
RUNTIME_VERSION = '3.9'
PACKAGES = ('snowflake-snowpark-python')



HANDLER = 'main'
EXECUTE AS CALLER
AS
$$



  
    
    
from snowflake.snowpark.functions import col, lit, concat, count, sum as sum_, coalesce

def model(dbt, session):
    """
    This model demonstrates basic Snowpark transformations using dbt Python models.
    It joins location data with trucks and aggregates metrics by location.
    Uses raw_pos models as sources instead of tb_101 directly.
    """
    # Get tables using dbt's ref function to reference the raw_pos models
    locations_df = dbt.ref('lnd_tb_raw_pos_location')
    trucks_df = dbt.ref('lnd_tb_raw_pos_truck')
    orders_df = dbt.ref('lnd_tb_raw_pos_order_header')
    
    # Join locations with trucks to get truck counts by location
    location_trucks = (
        trucks_df
        .join(
            locations_df, 
            trucks_df["PRIMARY_CITY"] == locations_df["CITY"], 
            "inner"
        )
        # Use simple column names and case-insensitive approach
        .select(
            locations_df["LOCATION_ID"],
            locations_df["LOCATION"],
            locations_df["CITY"],
            trucks_df["TRUCK_ID"]
        )
        .groupBy("LOCATION_ID", "LOCATION", "CITY")
        .agg(count("TRUCK_ID").alias("TRUCK_COUNT"))
    )
    
    # Join with order data to get sales metrics
    location_metrics = (
        orders_df
        .join(locations_df, "LOCATION_ID", "inner")
        .groupBy("LOCATION_ID")
        .agg(
            sum_("ORDER_TOTAL").alias("TOTAL_SALES"),
            sum_("ORDER_AMOUNT").alias("TOTAL_AMOUNT"),
            sum_("ORDER_TAX_AMOUNT").alias("TOTAL_TAX")
        )
    )
    
    # Create a more simplified final version
    joined_df = location_trucks.join(location_metrics, "LOCATION_ID", "left")
    
    # Add the calculated columns after join to avoid column reference issues
    final_df = (
        joined_df
        .select(
            col("LOCATION_ID"),
            col("LOCATION"),
            col("CITY"),
            col("TRUCK_COUNT"),
            # Use coalesce instead of fillna for Column objects
            coalesce(col("TOTAL_SALES"), lit(0)).alias("TOTAL_SALES"),
            coalesce(col("TOTAL_AMOUNT"), lit(0)).alias("TOTAL_AMOUNT"),
            coalesce(col("TOTAL_TAX"), lit(0)).alias("TOTAL_TAX")
        )
    )
    
    # Add the full location description as a separate step
    final_with_desc = (
        final_df
        .withColumn(
            "LOCATION_DESCRIPTION", 
            concat(
                col("CITY"), 
                lit(" (Trucks: "), 
                col("TRUCK_COUNT").cast("string"), 
                lit(")")
            )
        )
    )
    
    # Return the final dataframe
    return final_with_desc


# This part is user provided model code
# you will need to copy the next section to run the code
# COMMAND ----------
# this part is dbt logic for get ref work, do not modify

def ref(*args, **kwargs):
    refs = {"lnd_tb_raw_pos_location": "ddw.edw.lnd_tb_raw_pos_location", "lnd_tb_raw_pos_order_header": "ddw.edw.lnd_tb_raw_pos_order_header", "lnd_tb_raw_pos_truck": "ddw.edw.lnd_tb_raw_pos_truck"}
    key = '.'.join(args)
    version = kwargs.get("v") or kwargs.get("version")
    if version:
        key += f".v{version}"
    dbt_load_df_function = kwargs.get("dbt_load_df_function")
    return dbt_load_df_function(refs[key])


def source(*args, dbt_load_df_function):
    sources = {}
    key = '.'.join(args)
    return dbt_load_df_function(sources[key])


config_dict = {}


class config:
    def __init__(self, *args, **kwargs):
        pass

    @staticmethod
    def get(key, default=None):
        return config_dict.get(key, default)

class this:
    """dbt.this() or dbt.this.identifier"""
    database = "ddw"
    schema = "edw"
    identifier = "sales_metrics_by_location"
    
    def __repr__(self):
        return 'ddw.edw.sales_metrics_by_location'


class dbtObj:
    def __init__(self, load_df_function) -> None:
        self.source = lambda *args: source(*args, dbt_load_df_function=load_df_function)
        self.ref = lambda *args, **kwargs: ref(*args, **kwargs, dbt_load_df_function=load_df_function)
        self.config = config
        self.this = this()
        self.is_incremental = False

# COMMAND ----------



def materialize(session, df, target_relation):
    # make sure pandas exists
    import importlib.util
    package_name = 'pandas'
    if importlib.util.find_spec(package_name):
        import pandas
        if isinstance(df, pandas.core.frame.DataFrame):
          session.use_database(target_relation.database)
          session.use_schema(target_relation.schema)
          # session.write_pandas does not have overwrite function
          df = session.createDataFrame(df)
    
    df.write.mode("overwrite").save_as_table('ddw.edw.sales_metrics_by_location', table_type='transient')

def main(session):
    dbt = dbtObj(session.table)
    df = model(dbt, session)
    materialize(session, df, dbt.this)
    return "OK"

  
$$
CALL sales_metrics_by_location__dbt_sp();
[0m14:31:38.400439 [debug] [Thread-13 ]: On model.demo.customer_loyalty_metrics: /* {"app": "dbt", "dbt_version": "1.9.4", "profile_name": "demo", "target_name": "dw", "node_id": "model.demo.customer_loyalty_metrics"} */
create or replace transient table ddw.edw.customer_loyalty_metrics
         as
        (SELECT 
    cl.customer_id,
    cl.city,
    cl.country,
    cl.first_name,
    cl.last_name,
    cl.phone_number,
    cl.e_mail,
    SUM(oh.order_total) AS total_sales,
    ARRAY_AGG(DISTINCT oh.location_id) AS visited_location_ids_array
FROM ddw.edw.lnd_tb_raw_customer_customer_loyalty cl
JOIN ddw.edw.lnd_tb_raw_pos_order_header oh
ON cl.customer_id = oh.customer_id
GROUP BY cl.customer_id, cl.city, cl.country, cl.first_name,
cl.last_name, cl.phone_number, cl.e_mail
        );
[0m14:31:38.402506 [debug] [Thread-14 ]: Using snowflake connection "model.demo.orders"
[0m14:31:38.403155 [debug] [Thread-11 ]: Opening a new connection, currently in state init
[0m14:31:38.403692 [debug] [Thread-13 ]: Opening a new connection, currently in state init
[0m14:31:38.404316 [debug] [Thread-14 ]: On model.demo.orders: /* {"app": "dbt", "dbt_version": "1.9.4", "profile_name": "demo", "target_name": "dw", "node_id": "model.demo.orders"} */
create or replace transient table ddw.edw.orders
         as
        (SELECT 
    oh.order_id,
    oh.truck_id,
    oh.order_ts,
    od.order_detail_id,
    od.line_number,
    m.truck_brand_name,
    m.menu_type,
    t.primary_city,
    t.region,
    t.country,
    t.franchise_flag,
    t.franchise_id,
    f.first_name AS franchisee_first_name,
    f.last_name AS franchisee_last_name,
    l.location_id,
    cl.customer_id,
    cl.first_name,
    cl.last_name,
    cl.e_mail,
    cl.phone_number,
    cl.children_count,
    cl.gender,
    cl.marital_status,
    od.menu_item_id,
    m.menu_item_name,
    od.quantity,
    od.unit_price,
    od.price,
    oh.order_amount,
    oh.order_tax_amount,
    oh.order_discount_amount,
    oh.order_total
FROM ddw.edw.lnd_tb_raw_pos_order_detail od
JOIN ddw.edw.lnd_tb_raw_pos_order_header oh
    ON od.order_id = oh.order_id
JOIN ddw.edw.lnd_tb_raw_pos_truck t
    ON oh.truck_id = t.truck_id
JOIN ddw.edw.lnd_tb_raw_pos_menu m
    ON od.menu_item_id = m.menu_item_id
JOIN ddw.edw.lnd_tb_raw_pos_franchise f
    ON t.franchise_id = f.franchise_id
JOIN ddw.edw.lnd_tb_raw_pos_location l
    ON oh.location_id = l.location_id
LEFT JOIN ddw.edw.lnd_tb_raw_customer_customer_loyalty cl
    ON oh.customer_id = cl.customer_id
        );
[0m14:31:38.405277 [debug] [Thread-14 ]: Opening a new connection, currently in state init
[0m14:31:42.271000 [debug] [Thread-13 ]: SQL status: SUCCESS 1 in 3.867 seconds
[0m14:31:42.286672 [info ] [Thread-13 ]: 10 of 11 OK created sql table model edw.customer_loyalty_metrics ............... [[32mSUCCESS 1[0m in 4.05s]
[0m14:31:42.291372 [debug] [Thread-13 ]: Finished running node model.demo.customer_loyalty_metrics
[0m14:31:47.384149 [debug] [Thread-11 ]: SQL status: SUCCESS 1 in 8.981 seconds
[0m14:31:47.391744 [info ] [Thread-11 ]: 9 of 11 OK created python table model edw.sales_metrics_by_location ............ [[32mSUCCESS 1[0m in 9.16s]
[0m14:31:47.401844 [debug] [Thread-11 ]: Finished running node model.demo.sales_metrics_by_location
[0m14:32:05.167301 [debug] [Thread-14 ]: SQL status: SUCCESS 1 in 26.762 seconds
[0m14:32:05.170147 [info ] [Thread-14 ]: 11 of 11 OK created sql table model edw.orders ................................. [[32mSUCCESS 1[0m in 26.93s]
[0m14:32:05.170926 [debug] [Thread-14 ]: Finished running node model.demo.orders
[0m14:32:05.178236 [debug] [Dummy-1   ]: Connection 'master' was properly closed.
[0m14:32:05.179111 [debug] [Dummy-1   ]: Connection 'model.demo.lnd_tb_raw_pos_country' was properly closed.
[0m14:32:05.179637 [debug] [Dummy-1   ]: Connection 'model.demo.lnd_tb_raw_customer_customer_loyalty' was properly closed.
[0m14:32:05.180075 [debug] [Dummy-1   ]: Connection 'model.demo.lnd_tb_raw_pos_franchise' was properly closed.
[0m14:32:05.180512 [debug] [Dummy-1   ]: Connection 'model.demo.lnd_tb_raw_pos_location' was properly closed.
[0m14:32:05.181028 [debug] [Dummy-1   ]: Connection 'model.demo.lnd_tb_raw_pos_menu' was properly closed.
[0m14:32:05.181492 [debug] [Dummy-1   ]: Connection 'model.demo.lnd_tb_raw_pos_order_detail' was properly closed.
[0m14:32:05.181928 [debug] [Dummy-1   ]: Connection 'model.demo.lnd_tb_raw_pos_order_header' was properly closed.
[0m14:32:05.182372 [debug] [Dummy-1   ]: Connection 'model.demo.lnd_tb_raw_pos_truck' was properly closed.
[0m14:32:05.182780 [debug] [Dummy-1   ]: Connection 'model.demo.sales_metrics_by_location' was properly closed.
[0m14:32:05.183195 [debug] [Dummy-1   ]: Connection 'model.demo.customer_loyalty_metrics' was properly closed.
[0m14:32:05.183593 [debug] [Dummy-1   ]: Connection 'model.demo.orders' was properly closed.
[0m14:32:05.184211 [info ] [Dummy-1   ]: 
[0m14:32:05.184772 [info ] [Dummy-1   ]: Finished running 3 table models, 8 view models in 0 hours 0 minutes and 29.62 seconds (29.62s).
[0m14:32:05.186789 [debug] [Dummy-1   ]: Command end result
[0m14:32:05.226680 [debug] [Dummy-1   ]: Wrote artifact WritableManifest to /tmp/dbt/target/manifest.json
[0m14:32:05.229002 [debug] [Dummy-1   ]: Wrote artifact SemanticManifest to /tmp/dbt/target/semantic_manifest.json
[0m14:32:05.235625 [debug] [Dummy-1   ]: Wrote artifact RunExecutionResult to /tmp/dbt/target/run_results.json
[0m14:32:05.236152 [info ] [Dummy-1   ]: 
[0m14:32:05.236778 [info ] [Dummy-1   ]: [32mCompleted successfully[0m
[0m14:32:05.237358 [info ] [Dummy-1   ]: 
[0m14:32:05.237857 [info ] [Dummy-1   ]: Done. PASS=11 WARN=0 ERROR=0 SKIP=0 TOTAL=11
[0m14:32:05.239803 [debug] [Dummy-1   ]: Resource report: {"command_name": "run", "command_success": true, "command_wall_clock_time": 31.113968, "process_in_blocks": "0", "process_kernel_time": 0.97, "process_mem_max_rss": "532256", "process_out_blocks": "0", "process_user_time": 5.14}
[0m14:32:05.240473 [debug] [Dummy-1   ]: Command `cli run` succeeded at 14:32:05.240206 after 31.11 seconds
[0m14:32:05.241088 [debug] [Dummy-1   ]: Flushing usage events


============================== 14:40:45.356222 | 10db99c5-a7f2-4cf5-92e0-19c83df3c945 ==============================
[0m14:40:45.356222 [info ] [Dummy-1   ]: Running with dbt=1.9.4
[0m14:40:45.357205 [debug] [Dummy-1   ]: running dbt with arguments {'printer_width': '80', 'indirect_selection': 'eager', 'log_cache_events': 'False', 'write_json': 'True', 'partial_parse': 'True', 'cache_selected_only': 'False', 'warn_error': 'None', 'fail_fast': 'False', 'profiles_dir': '/tmp/dbt_effective_profiles_5pdw260w', 'log_path': '/tmp/dbt/logs', 'version_check': 'True', 'debug': 'False', 'use_colors': 'True', 'use_experimental_parser': 'False', 'no_print': 'None', 'quiet': 'False', 'empty': 'False', 'warn_error_options': 'WarnErrorOptions(include=[], exclude=[])', 'static_parser': 'True', 'introspect': 'True', 'log_format': 'default', 'target_path': 'None', 'invocation_command': 'dbt ', 'send_anonymous_usage_stats': 'False'}
[0m14:40:45.658245 [info ] [Dummy-1   ]: Registered adapter: snowflake=1.9.2
[0m14:40:46.228979 [debug] [Dummy-1   ]: checksum: d0386c961d148822e25989858a70bb140ca130dc5d9d9ab4513077dae97a3155, vars: {}, profile: , target: dw, version: 1.9.4
[0m14:40:46.495212 [info ] [Dummy-1   ]: Unable to do partial parsing because a project config has changed
[0m14:40:48.516008 [debug] [Dummy-1   ]: Wrote artifact WritableManifest to /tmp/dbt/target/manifest.json
[0m14:40:48.518616 [debug] [Dummy-1   ]: Wrote artifact SemanticManifest to /tmp/dbt/target/semantic_manifest.json
[0m14:40:48.557398 [info ] [Dummy-1   ]: Found 11 models, 50 data tests, 8 sources, 599 macros
[0m14:40:48.562488 [info ] [Dummy-1   ]: 
[0m14:40:48.563114 [info ] [Dummy-1   ]: Concurrency: 16 threads (target='dw')
[0m14:40:48.563594 [info ] [Dummy-1   ]: 
[0m14:40:48.564362 [debug] [Dummy-1   ]: Acquiring new snowflake connection 'master'
[0m14:40:48.571678 [debug] [ThreadPool]: Acquiring new snowflake connection 'list_ddw_staging'
[0m14:40:48.573991 [debug] [ThreadPool]: Acquiring new snowflake connection 'list_ddw_edw'
[0m14:40:48.674868 [debug] [ThreadPool]: Using snowflake connection "list_ddw_staging"
[0m14:40:48.675605 [debug] [ThreadPool]: Using snowflake connection "list_ddw_edw"
[0m14:40:48.676406 [debug] [ThreadPool]: On list_ddw_staging: /* {"app": "dbt", "dbt_version": "1.9.4", "profile_name": "demo", "target_name": "dw", "connection_name": "list_ddw_staging"} */
alter session set quoted_identifiers_ignore_case = false;
[0m14:40:48.677075 [debug] [ThreadPool]: On list_ddw_edw: /* {"app": "dbt", "dbt_version": "1.9.4", "profile_name": "demo", "target_name": "dw", "connection_name": "list_ddw_edw"} */
alter session set quoted_identifiers_ignore_case = false;
[0m14:40:48.677710 [debug] [ThreadPool]: Opening a new connection, currently in state init
[0m14:40:48.678205 [debug] [ThreadPool]: Opening a new connection, currently in state init
[0m14:40:49.212996 [debug] [ThreadPool]: SQL status: SUCCESS 1 in 0.535 seconds
[0m14:40:49.218297 [debug] [ThreadPool]: Using snowflake connection "list_ddw_edw"
[0m14:40:49.218932 [debug] [ThreadPool]: On list_ddw_edw: /* {"app": "dbt", "dbt_version": "1.9.4", "profile_name": "demo", "target_name": "dw", "connection_name": "list_ddw_edw"} */
show objects in ddw.edw
    limit 10000
    
;
[0m14:40:49.264860 [debug] [ThreadPool]: SQL status: SUCCESS 1 in 0.587 seconds
[0m14:40:49.267106 [debug] [ThreadPool]: Using snowflake connection "list_ddw_staging"
[0m14:40:49.267684 [debug] [ThreadPool]: On list_ddw_staging: /* {"app": "dbt", "dbt_version": "1.9.4", "profile_name": "demo", "target_name": "dw", "connection_name": "list_ddw_staging"} */
show objects in ddw.staging
    limit 10000
    
;
[0m14:40:49.280905 [debug] [ThreadPool]: Snowflake adapter: Snowflake query id: 01c67af4-0307-9814-000e-5e92008362b2
[0m14:40:49.281601 [debug] [ThreadPool]: Snowflake adapter: Snowflake error: 002043 (02000): SQL compilation error:
Object does not exist, or operation cannot be performed.
[0m14:40:49.282249 [debug] [ThreadPool]: Snowflake adapter: Error running SQL: macro list_relations_without_caching
[0m14:40:49.282748 [debug] [ThreadPool]: Snowflake adapter: Rolling back transaction.
[0m14:40:49.342722 [debug] [ThreadPool]: Snowflake adapter: Snowflake query id: 01c67af4-0307-9814-000e-5e92008362b6
[0m14:40:49.343327 [debug] [ThreadPool]: Snowflake adapter: Snowflake error: 002043 (02000): SQL compilation error:
Object does not exist, or operation cannot be performed.
[0m14:40:49.343969 [debug] [ThreadPool]: Snowflake adapter: Error running SQL: macro list_relations_without_caching
[0m14:40:49.344467 [debug] [ThreadPool]: Snowflake adapter: Rolling back transaction.
[0m14:40:49.370289 [debug] [Thread-2 (]: Began running node model.demo.lnd_tb_raw_customer_customer_loyalty
[0m14:40:49.373838 [debug] [Thread-7 (]: Began running node model.demo.lnd_tb_raw_pos_order_detail
[0m14:40:49.371741 [debug] [Thread-4 (]: Began running node model.demo.lnd_tb_raw_pos_franchise
[0m14:40:49.372476 [debug] [Thread-5 (]: Began running node model.demo.lnd_tb_raw_pos_location
[0m14:40:49.373097 [debug] [Thread-6 (]: Began running node model.demo.lnd_tb_raw_pos_menu
[0m14:40:49.371077 [debug] [Thread-3 (]: Began running node model.demo.lnd_tb_raw_pos_country
[0m14:40:49.374533 [debug] [Thread-2 (]: Re-using an available connection from the pool (formerly list_ddw_edw, now model.demo.lnd_tb_raw_customer_customer_loyalty)
[0m14:40:49.375157 [debug] [Thread-8 (]: Began running node model.demo.lnd_tb_raw_pos_order_header
[0m14:40:49.375789 [debug] [Thread-9 (]: Began running node model.demo.lnd_tb_raw_pos_truck
[0m14:40:49.376390 [debug] [Thread-10 ]: Began running node test.demo.source_is_positive_amount_tasty_bytes_COUNTRY_CITY_POPULATION.455b60899b
[0m14:40:49.376969 [debug] [Thread-11 ]: Began running node test.demo.source_is_positive_amount_tasty_bytes_MENU_COST_OF_GOODS_USD.a786b360c5
[0m14:40:49.377637 [debug] [Thread-12 ]: Began running node test.demo.source_is_positive_amount_tasty_bytes_MENU_SALE_PRICE_USD.349962fa90
[0m14:40:49.378242 [debug] [Thread-13 ]: Began running node test.demo.source_is_positive_amount_tasty_bytes_ORDER_DETAIL_PRICE.0c509fea0b
[0m14:40:49.378957 [debug] [Thread-7 (]: Acquiring new snowflake connection 'model.demo.lnd_tb_raw_pos_order_detail'
[0m14:40:49.379527 [debug] [Thread-14 ]: Began running node test.demo.source_is_positive_amount_tasty_bytes_ORDER_DETAIL_QUANTITY.d4decbe969
[0m14:40:49.380111 [debug] [Thread-15 ]: Began running node test.demo.source_is_positive_amount_tasty_bytes_ORDER_DETAIL_UNIT_PRICE.059aceb636
[0m14:40:49.380676 [debug] [Thread-16 ]: Began running node test.demo.source_is_positive_amount_tasty_bytes_ORDER_HEADER_ORDER_AMOUNT.62f7c0746d
[0m14:40:49.381302 [debug] [Thread-17 ]: Began running node test.demo.source_is_positive_amount_tasty_bytes_ORDER_HEADER_ORDER_TOTAL.ad56101225
[0m14:40:49.382031 [debug] [Thread-4 (]: Acquiring new snowflake connection 'model.demo.lnd_tb_raw_pos_franchise'
[0m14:40:49.382740 [debug] [Thread-5 (]: Acquiring new snowflake connection 'model.demo.lnd_tb_raw_pos_location'
[0m14:40:49.383402 [debug] [Thread-6 (]: Acquiring new snowflake connection 'model.demo.lnd_tb_raw_pos_menu'
[0m14:40:49.383989 [debug] [Thread-3 (]: Re-using an available connection from the pool (formerly list_ddw_staging, now model.demo.lnd_tb_raw_pos_country)
[0m14:40:49.384541 [debug] [Thread-2 (]: Began compiling node model.demo.lnd_tb_raw_customer_customer_loyalty
[0m14:40:49.385203 [debug] [Thread-8 (]: Acquiring new snowflake connection 'model.demo.lnd_tb_raw_pos_order_header'
[0m14:40:49.386086 [debug] [Thread-9 (]: Acquiring new snowflake connection 'model.demo.lnd_tb_raw_pos_truck'
[0m14:40:49.386753 [debug] [Thread-10 ]: Acquiring new snowflake connection 'test.demo.source_is_positive_amount_tasty_bytes_COUNTRY_CITY_POPULATION.455b60899b'
[0m14:40:49.387448 [debug] [Thread-11 ]: Acquiring new snowflake connection 'test.demo.source_is_positive_amount_tasty_bytes_MENU_COST_OF_GOODS_USD.a786b360c5'
[0m14:40:49.388110 [debug] [Thread-12 ]: Acquiring new snowflake connection 'test.demo.source_is_positive_amount_tasty_bytes_MENU_SALE_PRICE_USD.349962fa90'
[0m14:40:49.388743 [debug] [Thread-13 ]: Acquiring new snowflake connection 'test.demo.source_is_positive_amount_tasty_bytes_ORDER_DETAIL_PRICE.0c509fea0b'
[0m14:40:49.389349 [debug] [Thread-7 (]: Began compiling node model.demo.lnd_tb_raw_pos_order_detail
[0m14:40:49.390022 [debug] [Thread-14 ]: Acquiring new snowflake connection 'test.demo.source_is_positive_amount_tasty_bytes_ORDER_DETAIL_QUANTITY.d4decbe969'
[0m14:40:49.390684 [debug] [Thread-15 ]: Acquiring new snowflake connection 'test.demo.source_is_positive_amount_tasty_bytes_ORDER_DETAIL_UNIT_PRICE.059aceb636'
[0m14:40:49.391315 [debug] [Thread-16 ]: Acquiring new snowflake connection 'test.demo.source_is_positive_amount_tasty_bytes_ORDER_HEADER_ORDER_AMOUNT.62f7c0746d'
[0m14:40:49.391965 [debug] [Thread-17 ]: Acquiring new snowflake connection 'test.demo.source_is_positive_amount_tasty_bytes_ORDER_HEADER_ORDER_TOTAL.ad56101225'
[0m14:40:49.392477 [debug] [Thread-4 (]: Began compiling node model.demo.lnd_tb_raw_pos_franchise
[0m14:40:49.392989 [debug] [Thread-5 (]: Began compiling node model.demo.lnd_tb_raw_pos_location
[0m14:40:49.393574 [debug] [Thread-6 (]: Began compiling node model.demo.lnd_tb_raw_pos_menu
[0m14:40:49.394083 [debug] [Thread-3 (]: Began compiling node model.demo.lnd_tb_raw_pos_country
[0m14:40:49.404678 [debug] [Thread-2 (]: Writing injected SQL for node "model.demo.lnd_tb_raw_customer_customer_loyalty"
[0m14:40:49.405386 [debug] [Thread-8 (]: Began compiling node model.demo.lnd_tb_raw_pos_order_header
[0m14:40:49.405945 [debug] [Thread-9 (]: Began compiling node model.demo.lnd_tb_raw_pos_truck
[0m14:40:49.406469 [debug] [Thread-10 ]: Began compiling node test.demo.source_is_positive_amount_tasty_bytes_COUNTRY_CITY_POPULATION.455b60899b
[0m14:40:49.406979 [debug] [Thread-11 ]: Began compiling node test.demo.source_is_positive_amount_tasty_bytes_MENU_COST_OF_GOODS_USD.a786b360c5
[0m14:40:49.407460 [debug] [Thread-12 ]: Began compiling node test.demo.source_is_positive_amount_tasty_bytes_MENU_SALE_PRICE_USD.349962fa90
[0m14:40:49.407961 [debug] [Thread-13 ]: Began compiling node test.demo.source_is_positive_amount_tasty_bytes_ORDER_DETAIL_PRICE.0c509fea0b
[0m14:40:49.413129 [debug] [Thread-7 (]: Writing injected SQL for node "model.demo.lnd_tb_raw_pos_order_detail"
[0m14:40:49.413851 [debug] [Thread-14 ]: Began compiling node test.demo.source_is_positive_amount_tasty_bytes_ORDER_DETAIL_QUANTITY.d4decbe969
[0m14:40:49.414385 [debug] [Thread-15 ]: Began compiling node test.demo.source_is_positive_amount_tasty_bytes_ORDER_DETAIL_UNIT_PRICE.059aceb636
[0m14:40:49.414924 [debug] [Thread-16 ]: Began compiling node test.demo.source_is_positive_amount_tasty_bytes_ORDER_HEADER_ORDER_AMOUNT.62f7c0746d
[0m14:40:49.415468 [debug] [Thread-17 ]: Began compiling node test.demo.source_is_positive_amount_tasty_bytes_ORDER_HEADER_ORDER_TOTAL.ad56101225
[0m14:40:49.420677 [debug] [Thread-4 (]: Writing injected SQL for node "model.demo.lnd_tb_raw_pos_franchise"
[0m14:40:49.425857 [debug] [Thread-5 (]: Writing injected SQL for node "model.demo.lnd_tb_raw_pos_location"
[0m14:40:49.432435 [debug] [Thread-6 (]: Writing injected SQL for node "model.demo.lnd_tb_raw_pos_menu"
[0m14:40:49.437656 [debug] [Thread-3 (]: Writing injected SQL for node "model.demo.lnd_tb_raw_pos_country"
[0m14:40:49.443283 [debug] [Thread-8 (]: Writing injected SQL for node "model.demo.lnd_tb_raw_pos_order_header"
[0m14:40:49.443931 [debug] [Thread-2 (]: Began executing node model.demo.lnd_tb_raw_customer_customer_loyalty
[0m14:40:49.449200 [debug] [Thread-9 (]: Writing injected SQL for node "model.demo.lnd_tb_raw_pos_truck"
[0m14:40:49.457696 [debug] [Thread-10 ]: Writing injected SQL for node "test.demo.source_is_positive_amount_tasty_bytes_COUNTRY_CITY_POPULATION.455b60899b"
[0m14:40:49.464427 [debug] [Thread-11 ]: Writing injected SQL for node "test.demo.source_is_positive_amount_tasty_bytes_MENU_COST_OF_GOODS_USD.a786b360c5"
[0m14:40:49.471095 [debug] [Thread-12 ]: Writing injected SQL for node "test.demo.source_is_positive_amount_tasty_bytes_MENU_SALE_PRICE_USD.349962fa90"
[0m14:40:49.477692 [debug] [Thread-13 ]: Writing injected SQL for node "test.demo.source_is_positive_amount_tasty_bytes_ORDER_DETAIL_PRICE.0c509fea0b"
[0m14:40:49.485911 [debug] [Thread-14 ]: Writing injected SQL for node "test.demo.source_is_positive_amount_tasty_bytes_ORDER_DETAIL_QUANTITY.d4decbe969"
[0m14:40:49.492503 [debug] [Thread-7 (]: Began executing node model.demo.lnd_tb_raw_pos_order_detail
[0m14:40:49.493587 [debug] [Thread-15 ]: Writing injected SQL for node "test.demo.source_is_positive_amount_tasty_bytes_ORDER_DETAIL_UNIT_PRICE.059aceb636"
[0m14:40:49.500308 [debug] [Thread-16 ]: Writing injected SQL for node "test.demo.source_is_positive_amount_tasty_bytes_ORDER_HEADER_ORDER_AMOUNT.62f7c0746d"
[0m14:40:49.507880 [debug] [Thread-17 ]: Writing injected SQL for node "test.demo.source_is_positive_amount_tasty_bytes_ORDER_HEADER_ORDER_TOTAL.ad56101225"
[0m14:40:49.509138 [debug] [Thread-4 (]: Began executing node model.demo.lnd_tb_raw_pos_franchise
[0m14:40:49.509975 [debug] [Thread-5 (]: Began executing node model.demo.lnd_tb_raw_pos_location
[0m14:40:49.510885 [debug] [Thread-6 (]: Began executing node model.demo.lnd_tb_raw_pos_menu
[0m14:40:49.511724 [debug] [Thread-3 (]: Began executing node model.demo.lnd_tb_raw_pos_country
[0m14:40:49.512702 [debug] [Thread-2 (]: Finished running node model.demo.lnd_tb_raw_customer_customer_loyalty
[0m14:40:49.513372 [debug] [Thread-8 (]: Began executing node model.demo.lnd_tb_raw_pos_order_header
[0m14:40:49.514258 [debug] [Thread-9 (]: Began executing node model.demo.lnd_tb_raw_pos_truck
[0m14:40:49.515210 [debug] [Thread-10 ]: Began executing node test.demo.source_is_positive_amount_tasty_bytes_COUNTRY_CITY_POPULATION.455b60899b
[0m14:40:49.516121 [debug] [Thread-11 ]: Began executing node test.demo.source_is_positive_amount_tasty_bytes_MENU_COST_OF_GOODS_USD.a786b360c5
[0m14:40:49.516988 [debug] [Thread-12 ]: Began executing node test.demo.source_is_positive_amount_tasty_bytes_MENU_SALE_PRICE_USD.349962fa90
[0m14:40:49.517986 [debug] [Thread-13 ]: Began executing node test.demo.source_is_positive_amount_tasty_bytes_ORDER_DETAIL_PRICE.0c509fea0b
[0m14:40:49.519035 [debug] [Thread-7 (]: Finished running node model.demo.lnd_tb_raw_pos_order_detail
[0m14:40:49.519661 [debug] [Thread-14 ]: Began executing node test.demo.source_is_positive_amount_tasty_bytes_ORDER_DETAIL_QUANTITY.d4decbe969
[0m14:40:49.520624 [debug] [Thread-15 ]: Began executing node test.demo.source_is_positive_amount_tasty_bytes_ORDER_DETAIL_UNIT_PRICE.059aceb636
[0m14:40:49.521495 [debug] [Thread-16 ]: Began executing node test.demo.source_is_positive_amount_tasty_bytes_ORDER_HEADER_ORDER_AMOUNT.62f7c0746d
[0m14:40:49.522483 [debug] [Thread-4 (]: Finished running node model.demo.lnd_tb_raw_pos_franchise
[0m14:40:49.523157 [debug] [Thread-17 ]: Began executing node test.demo.source_is_positive_amount_tasty_bytes_ORDER_HEADER_ORDER_TOTAL.ad56101225
[0m14:40:49.524028 [debug] [Thread-5 (]: Finished running node model.demo.lnd_tb_raw_pos_location
[0m14:40:49.524869 [debug] [Thread-6 (]: Finished running node model.demo.lnd_tb_raw_pos_menu
[0m14:40:49.525826 [debug] [Thread-3 (]: Finished running node model.demo.lnd_tb_raw_pos_country
[0m14:40:49.526501 [debug] [Thread-2 (]: Began running node test.demo.source_not_null_tasty_bytes_COUNTRY_COUNTRY.041f384db8
[0m14:40:49.527466 [debug] [Thread-8 (]: Finished running node model.demo.lnd_tb_raw_pos_order_header
[0m14:40:49.528349 [debug] [Thread-9 (]: Finished running node model.demo.lnd_tb_raw_pos_truck
[0m14:40:49.529126 [debug] [Thread-10 ]: Finished running node test.demo.source_is_positive_amount_tasty_bytes_COUNTRY_CITY_POPULATION.455b60899b
[0m14:40:49.530013 [debug] [Thread-11 ]: Finished running node test.demo.source_is_positive_amount_tasty_bytes_MENU_COST_OF_GOODS_USD.a786b360c5
[0m14:40:49.530775 [debug] [Thread-12 ]: Finished running node test.demo.source_is_positive_amount_tasty_bytes_MENU_SALE_PRICE_USD.349962fa90
[0m14:40:49.531925 [debug] [Thread-13 ]: Finished running node test.demo.source_is_positive_amount_tasty_bytes_ORDER_DETAIL_PRICE.0c509fea0b
[0m14:40:49.532663 [debug] [Thread-7 (]: Began running node test.demo.source_not_null_tasty_bytes_COUNTRY_COUNTRY_ID.f7a246cdf5
[0m14:40:49.533705 [debug] [Thread-14 ]: Finished running node test.demo.source_is_positive_amount_tasty_bytes_ORDER_DETAIL_QUANTITY.d4decbe969
[0m14:40:49.534543 [debug] [Thread-15 ]: Finished running node test.demo.source_is_positive_amount_tasty_bytes_ORDER_DETAIL_UNIT_PRICE.059aceb636
[0m14:40:49.535410 [debug] [Thread-16 ]: Finished running node test.demo.source_is_positive_amount_tasty_bytes_ORDER_HEADER_ORDER_AMOUNT.62f7c0746d
[0m14:40:49.536141 [debug] [Thread-4 (]: Began running node test.demo.source_not_null_tasty_bytes_COUNTRY_ISO_COUNTRY.b88a1f3ec4
[0m14:40:49.537114 [debug] [Thread-17 ]: Finished running node test.demo.source_is_positive_amount_tasty_bytes_ORDER_HEADER_ORDER_TOTAL.ad56101225
[0m14:40:49.537891 [debug] [Thread-5 (]: Began running node test.demo.source_not_null_tasty_bytes_FRANCHISE_E_MAIL.484a61fcc8
[0m14:40:49.538615 [debug] [Thread-6 (]: Began running node test.demo.source_not_null_tasty_bytes_FRANCHISE_FIRST_NAME.60f34d639f
[0m14:40:49.539289 [debug] [Thread-3 (]: Began running node test.demo.source_not_null_tasty_bytes_FRANCHISE_FRANCHISE_ID.915a34362f
[0m14:40:49.540018 [debug] [Thread-2 (]: Re-using an available connection from the pool (formerly model.demo.lnd_tb_raw_customer_customer_loyalty, now test.demo.source_not_null_tasty_bytes_COUNTRY_COUNTRY.041f384db8)
[0m14:40:49.540642 [debug] [Thread-8 (]: Began running node test.demo.source_not_null_tasty_bytes_FRANCHISE_LAST_NAME.52e9df7091
[0m14:40:49.541531 [debug] [Thread-9 (]: Began running node test.demo.source_not_null_tasty_bytes_LOCATION_CITY.22c206b3a9
[0m14:40:49.542372 [debug] [Thread-10 ]: Began running node test.demo.source_not_null_tasty_bytes_LOCATION_COUNTRY.183f4dd186
[0m14:40:49.543055 [debug] [Thread-11 ]: Began running node test.demo.source_not_null_tasty_bytes_LOCATION_ISO_COUNTRY_CODE.d7f0f04daa
[0m14:40:49.543772 [debug] [Thread-12 ]: Began running node test.demo.source_not_null_tasty_bytes_LOCATION_LOCATION.bd6b642b8a
[0m14:40:49.544468 [debug] [Thread-13 ]: Began running node test.demo.source_not_null_tasty_bytes_LOCATION_LOCATION_ID.e3171e73c8
[0m14:40:49.545284 [debug] [Thread-7 (]: Re-using an available connection from the pool (formerly model.demo.lnd_tb_raw_pos_order_detail, now test.demo.source_not_null_tasty_bytes_COUNTRY_COUNTRY_ID.f7a246cdf5)
[0m14:40:49.545954 [debug] [Thread-14 ]: Began running node test.demo.source_not_null_tasty_bytes_MENU_MENU_ID.2a8a13dd9e
[0m14:40:49.546626 [debug] [Thread-15 ]: Began running node test.demo.source_not_null_tasty_bytes_MENU_MENU_ITEM_ID.6bf29922bc
[0m14:40:49.547282 [debug] [Thread-16 ]: Began running node test.demo.source_not_null_tasty_bytes_MENU_MENU_ITEM_NAME.a9aea2fff7
[0m14:40:49.547992 [debug] [Thread-4 (]: Re-using an available connection from the pool (formerly model.demo.lnd_tb_raw_pos_franchise, now test.demo.source_not_null_tasty_bytes_COUNTRY_ISO_COUNTRY.b88a1f3ec4)
[0m14:40:49.548609 [debug] [Thread-17 ]: Began running node test.demo.source_not_null_tasty_bytes_MENU_MENU_TYPE_ID.bcc1b886ca
[0m14:40:49.549362 [debug] [Thread-5 (]: Re-using an available connection from the pool (formerly model.demo.lnd_tb_raw_pos_location, now test.demo.source_not_null_tasty_bytes_FRANCHISE_E_MAIL.484a61fcc8)
[0m14:40:49.549997 [debug] [Thread-6 (]: Re-using an available connection from the pool (formerly model.demo.lnd_tb_raw_pos_menu, now test.demo.source_not_null_tasty_bytes_FRANCHISE_FIRST_NAME.60f34d639f)
[0m14:40:49.550589 [debug] [Thread-3 (]: Re-using an available connection from the pool (formerly model.demo.lnd_tb_raw_pos_country, now test.demo.source_not_null_tasty_bytes_FRANCHISE_FRANCHISE_ID.915a34362f)
[0m14:40:49.551148 [debug] [Thread-2 (]: Began compiling node test.demo.source_not_null_tasty_bytes_COUNTRY_COUNTRY.041f384db8
[0m14:40:49.551776 [debug] [Thread-8 (]: Re-using an available connection from the pool (formerly model.demo.lnd_tb_raw_pos_order_header, now test.demo.source_not_null_tasty_bytes_FRANCHISE_LAST_NAME.52e9df7091)
[0m14:40:49.552408 [debug] [Thread-9 (]: Re-using an available connection from the pool (formerly model.demo.lnd_tb_raw_pos_truck, now test.demo.source_not_null_tasty_bytes_LOCATION_CITY.22c206b3a9)
[0m14:40:49.553002 [debug] [Thread-10 ]: Re-using an available connection from the pool (formerly test.demo.source_is_positive_amount_tasty_bytes_COUNTRY_CITY_POPULATION.455b60899b, now test.demo.source_not_null_tasty_bytes_LOCATION_COUNTRY.183f4dd186)
[0m14:40:49.553698 [debug] [Thread-11 ]: Re-using an available connection from the pool (formerly test.demo.source_is_positive_amount_tasty_bytes_MENU_COST_OF_GOODS_USD.a786b360c5, now test.demo.source_not_null_tasty_bytes_LOCATION_ISO_COUNTRY_CODE.d7f0f04daa)
[0m14:40:49.554295 [debug] [Thread-12 ]: Re-using an available connection from the pool (formerly test.demo.source_is_positive_amount_tasty_bytes_MENU_SALE_PRICE_USD.349962fa90, now test.demo.source_not_null_tasty_bytes_LOCATION_LOCATION.bd6b642b8a)
[0m14:40:49.554885 [debug] [Thread-13 ]: Re-using an available connection from the pool (formerly test.demo.source_is_positive_amount_tasty_bytes_ORDER_DETAIL_PRICE.0c509fea0b, now test.demo.source_not_null_tasty_bytes_LOCATION_LOCATION_ID.e3171e73c8)
[0m14:40:49.555414 [debug] [Thread-7 (]: Began compiling node test.demo.source_not_null_tasty_bytes_COUNTRY_COUNTRY_ID.f7a246cdf5
[0m14:40:49.556022 [debug] [Thread-14 ]: Re-using an available connection from the pool (formerly test.demo.source_is_positive_amount_tasty_bytes_ORDER_DETAIL_QUANTITY.d4decbe969, now test.demo.source_not_null_tasty_bytes_MENU_MENU_ID.2a8a13dd9e)
[0m14:40:49.556598 [debug] [Thread-15 ]: Re-using an available connection from the pool (formerly test.demo.source_is_positive_amount_tasty_bytes_ORDER_DETAIL_UNIT_PRICE.059aceb636, now test.demo.source_not_null_tasty_bytes_MENU_MENU_ITEM_ID.6bf29922bc)
[0m14:40:49.557197 [debug] [Thread-16 ]: Re-using an available connection from the pool (formerly test.demo.source_is_positive_amount_tasty_bytes_ORDER_HEADER_ORDER_AMOUNT.62f7c0746d, now test.demo.source_not_null_tasty_bytes_MENU_MENU_ITEM_NAME.a9aea2fff7)
[0m14:40:49.557878 [debug] [Thread-4 (]: Began compiling node test.demo.source_not_null_tasty_bytes_COUNTRY_ISO_COUNTRY.b88a1f3ec4
[0m14:40:49.558531 [debug] [Thread-17 ]: Re-using an available connection from the pool (formerly test.demo.source_is_positive_amount_tasty_bytes_ORDER_HEADER_ORDER_TOTAL.ad56101225, now test.demo.source_not_null_tasty_bytes_MENU_MENU_TYPE_ID.bcc1b886ca)
[0m14:40:49.559094 [debug] [Thread-5 (]: Began compiling node test.demo.source_not_null_tasty_bytes_FRANCHISE_E_MAIL.484a61fcc8
[0m14:40:49.559627 [debug] [Thread-6 (]: Began compiling node test.demo.source_not_null_tasty_bytes_FRANCHISE_FIRST_NAME.60f34d639f
[0m14:40:49.560148 [debug] [Thread-3 (]: Began compiling node test.demo.source_not_null_tasty_bytes_FRANCHISE_FRANCHISE_ID.915a34362f
[0m14:40:49.573751 [debug] [Thread-2 (]: Writing injected SQL for node "test.demo.source_not_null_tasty_bytes_COUNTRY_COUNTRY.041f384db8"
[0m14:40:49.574429 [debug] [Thread-8 (]: Began compiling node test.demo.source_not_null_tasty_bytes_FRANCHISE_LAST_NAME.52e9df7091
[0m14:40:49.575003 [debug] [Thread-9 (]: Began compiling node test.demo.source_not_null_tasty_bytes_LOCATION_CITY.22c206b3a9
[0m14:40:49.575523 [debug] [Thread-10 ]: Began compiling node test.demo.source_not_null_tasty_bytes_LOCATION_COUNTRY.183f4dd186
[0m14:40:49.576087 [debug] [Thread-11 ]: Began compiling node test.demo.source_not_null_tasty_bytes_LOCATION_ISO_COUNTRY_CODE.d7f0f04daa
[0m14:40:49.576612 [debug] [Thread-12 ]: Began compiling node test.demo.source_not_null_tasty_bytes_LOCATION_LOCATION.bd6b642b8a
[0m14:40:49.577131 [debug] [Thread-13 ]: Began compiling node test.demo.source_not_null_tasty_bytes_LOCATION_LOCATION_ID.e3171e73c8
[0m14:40:49.583886 [debug] [Thread-7 (]: Writing injected SQL for node "test.demo.source_not_null_tasty_bytes_COUNTRY_COUNTRY_ID.f7a246cdf5"
[0m14:40:49.584520 [debug] [Thread-14 ]: Began compiling node test.demo.source_not_null_tasty_bytes_MENU_MENU_ID.2a8a13dd9e
[0m14:40:49.585087 [debug] [Thread-15 ]: Began compiling node test.demo.source_not_null_tasty_bytes_MENU_MENU_ITEM_ID.6bf29922bc
[0m14:40:49.585720 [debug] [Thread-16 ]: Began compiling node test.demo.source_not_null_tasty_bytes_MENU_MENU_ITEM_NAME.a9aea2fff7
[0m14:40:49.592457 [debug] [Thread-4 (]: Writing injected SQL for node "test.demo.source_not_null_tasty_bytes_COUNTRY_ISO_COUNTRY.b88a1f3ec4"
[0m14:40:49.593088 [debug] [Thread-17 ]: Began compiling node test.demo.source_not_null_tasty_bytes_MENU_MENU_TYPE_ID.bcc1b886ca
[0m14:40:49.599906 [debug] [Thread-5 (]: Writing injected SQL for node "test.demo.source_not_null_tasty_bytes_FRANCHISE_E_MAIL.484a61fcc8"
[0m14:40:49.608166 [debug] [Thread-6 (]: Writing injected SQL for node "test.demo.source_not_null_tasty_bytes_FRANCHISE_FIRST_NAME.60f34d639f"
[0m14:40:49.614805 [debug] [Thread-3 (]: Writing injected SQL for node "test.demo.source_not_null_tasty_bytes_FRANCHISE_FRANCHISE_ID.915a34362f"
[0m14:40:49.621723 [debug] [Thread-8 (]: Writing injected SQL for node "test.demo.source_not_null_tasty_bytes_FRANCHISE_LAST_NAME.52e9df7091"
[0m14:40:49.622552 [debug] [Thread-2 (]: Began executing node test.demo.source_not_null_tasty_bytes_COUNTRY_COUNTRY.041f384db8
[0m14:40:49.629147 [debug] [Thread-9 (]: Writing injected SQL for node "test.demo.source_not_null_tasty_bytes_LOCATION_CITY.22c206b3a9"
[0m14:40:49.637317 [debug] [Thread-10 ]: Writing injected SQL for node "test.demo.source_not_null_tasty_bytes_LOCATION_COUNTRY.183f4dd186"
[0m14:40:49.643990 [debug] [Thread-11 ]: Writing injected SQL for node "test.demo.source_not_null_tasty_bytes_LOCATION_ISO_COUNTRY_CODE.d7f0f04daa"
[0m14:40:49.650499 [debug] [Thread-12 ]: Writing injected SQL for node "test.demo.source_not_null_tasty_bytes_LOCATION_LOCATION.bd6b642b8a"
[0m14:40:49.657083 [debug] [Thread-13 ]: Writing injected SQL for node "test.demo.source_not_null_tasty_bytes_LOCATION_LOCATION_ID.e3171e73c8"
[0m14:40:49.665421 [debug] [Thread-14 ]: Writing injected SQL for node "test.demo.source_not_null_tasty_bytes_MENU_MENU_ID.2a8a13dd9e"
[0m14:40:49.666144 [debug] [Thread-7 (]: Began executing node test.demo.source_not_null_tasty_bytes_COUNTRY_COUNTRY_ID.f7a246cdf5
[0m14:40:49.672665 [debug] [Thread-15 ]: Writing injected SQL for node "test.demo.source_not_null_tasty_bytes_MENU_MENU_ITEM_ID.6bf29922bc"
[0m14:40:49.679282 [debug] [Thread-16 ]: Writing injected SQL for node "test.demo.source_not_null_tasty_bytes_MENU_MENU_ITEM_NAME.a9aea2fff7"
[0m14:40:49.698092 [debug] [Thread-15 ]: Began executing node test.demo.source_not_null_tasty_bytes_MENU_MENU_ITEM_ID.6bf29922bc
[0m14:40:49.686741 [debug] [Thread-4 (]: Began executing node test.demo.source_not_null_tasty_bytes_COUNTRY_ISO_COUNTRY.b88a1f3ec4
[0m14:40:49.687769 [debug] [Thread-5 (]: Began executing node test.demo.source_not_null_tasty_bytes_FRANCHISE_E_MAIL.484a61fcc8
[0m14:40:49.688644 [debug] [Thread-6 (]: Began executing node test.demo.source_not_null_tasty_bytes_FRANCHISE_FIRST_NAME.60f34d639f
[0m14:40:49.689635 [debug] [Thread-3 (]: Began executing node test.demo.source_not_null_tasty_bytes_FRANCHISE_FRANCHISE_ID.915a34362f
[0m14:40:49.690585 [debug] [Thread-2 (]: Finished running node test.demo.source_not_null_tasty_bytes_COUNTRY_COUNTRY.041f384db8
[0m14:40:49.691149 [debug] [Thread-8 (]: Began executing node test.demo.source_not_null_tasty_bytes_FRANCHISE_LAST_NAME.52e9df7091
[0m14:40:49.692036 [debug] [Thread-9 (]: Began executing node test.demo.source_not_null_tasty_bytes_LOCATION_CITY.22c206b3a9
[0m14:40:49.692856 [debug] [Thread-10 ]: Began executing node test.demo.source_not_null_tasty_bytes_LOCATION_COUNTRY.183f4dd186
[0m14:40:49.693695 [debug] [Thread-11 ]: Began executing node test.demo.source_not_null_tasty_bytes_LOCATION_ISO_COUNTRY_CODE.d7f0f04daa
[0m14:40:49.694558 [debug] [Thread-12 ]: Began executing node test.demo.source_not_null_tasty_bytes_LOCATION_LOCATION.bd6b642b8a
[0m14:40:49.695689 [debug] [Thread-13 ]: Began executing node test.demo.source_not_null_tasty_bytes_LOCATION_LOCATION_ID.e3171e73c8
[0m14:40:49.696613 [debug] [Thread-7 (]: Finished running node test.demo.source_not_null_tasty_bytes_COUNTRY_COUNTRY_ID.f7a246cdf5
[0m14:40:49.697204 [debug] [Thread-14 ]: Began executing node test.demo.source_not_null_tasty_bytes_MENU_MENU_ID.2a8a13dd9e
[0m14:40:49.686015 [debug] [Thread-17 ]: Writing injected SQL for node "test.demo.source_not_null_tasty_bytes_MENU_MENU_TYPE_ID.bcc1b886ca"
[0m14:40:49.699169 [debug] [Thread-15 ]: Finished running node test.demo.source_not_null_tasty_bytes_MENU_MENU_ITEM_ID.6bf29922bc
[0m14:40:49.699692 [debug] [Thread-16 ]: Began executing node test.demo.source_not_null_tasty_bytes_MENU_MENU_ITEM_NAME.a9aea2fff7
[0m14:40:49.700525 [debug] [Thread-4 (]: Finished running node test.demo.source_not_null_tasty_bytes_COUNTRY_ISO_COUNTRY.b88a1f3ec4
[0m14:40:49.701449 [debug] [Thread-5 (]: Finished running node test.demo.source_not_null_tasty_bytes_FRANCHISE_E_MAIL.484a61fcc8
[0m14:40:49.702319 [debug] [Thread-6 (]: Finished running node test.demo.source_not_null_tasty_bytes_FRANCHISE_FIRST_NAME.60f34d639f
[0m14:40:49.703144 [debug] [Thread-3 (]: Finished running node test.demo.source_not_null_tasty_bytes_FRANCHISE_FRANCHISE_ID.915a34362f
[0m14:40:49.703832 [debug] [Thread-2 (]: Began running node test.demo.source_not_null_tasty_bytes_ORDER_DETAIL_LINE_NUMBER.4a9d0ea41b
[0m14:40:49.704780 [debug] [Thread-8 (]: Finished running node test.demo.source_not_null_tasty_bytes_FRANCHISE_LAST_NAME.52e9df7091
[0m14:40:49.705680 [debug] [Thread-9 (]: Finished running node test.demo.source_not_null_tasty_bytes_LOCATION_CITY.22c206b3a9
[0m14:40:49.706515 [debug] [Thread-10 ]: Finished running node test.demo.source_not_null_tasty_bytes_LOCATION_COUNTRY.183f4dd186
[0m14:40:49.707291 [debug] [Thread-11 ]: Finished running node test.demo.source_not_null_tasty_bytes_LOCATION_ISO_COUNTRY_CODE.d7f0f04daa
[0m14:40:49.708085 [debug] [Thread-12 ]: Finished running node test.demo.source_not_null_tasty_bytes_LOCATION_LOCATION.bd6b642b8a
[0m14:40:49.708913 [debug] [Thread-13 ]: Finished running node test.demo.source_not_null_tasty_bytes_LOCATION_LOCATION_ID.e3171e73c8
[0m14:40:49.709636 [debug] [Thread-7 (]: Began running node test.demo.source_not_null_tasty_bytes_ORDER_DETAIL_MENU_ITEM_ID.7a80bd5542
[0m14:40:49.710531 [debug] [Thread-14 ]: Finished running node test.demo.source_not_null_tasty_bytes_MENU_MENU_ID.2a8a13dd9e
[0m14:40:49.711453 [debug] [Thread-15 ]: Began running node test.demo.source_not_null_tasty_bytes_ORDER_DETAIL_ORDER_DETAIL_ID.f27acf0fec
[0m14:40:49.712165 [debug] [Thread-17 ]: Began executing node test.demo.source_not_null_tasty_bytes_MENU_MENU_TYPE_ID.bcc1b886ca
[0m14:40:49.713014 [debug] [Thread-16 ]: Finished running node test.demo.source_not_null_tasty_bytes_MENU_MENU_ITEM_NAME.a9aea2fff7
[0m14:40:49.713849 [debug] [Thread-4 (]: Began running node test.demo.source_not_null_tasty_bytes_ORDER_DETAIL_ORDER_ID.0403682618
[0m14:40:49.714656 [debug] [Thread-5 (]: Began running node test.demo.source_not_null_tasty_bytes_ORDER_DETAIL_QUANTITY.4fde84e57a
[0m14:40:49.715359 [debug] [Thread-6 (]: Began running node test.demo.source_not_null_tasty_bytes_ORDER_HEADER_LOCATION_ID.8690b90fe4
[0m14:40:49.716066 [debug] [Thread-3 (]: Began running node test.demo.source_not_null_tasty_bytes_ORDER_HEADER_ORDER_AMOUNT.2eb11c3081
[0m14:40:49.716800 [debug] [Thread-2 (]: Re-using an available connection from the pool (formerly test.demo.source_not_null_tasty_bytes_COUNTRY_COUNTRY.041f384db8, now test.demo.source_not_null_tasty_bytes_ORDER_DETAIL_LINE_NUMBER.4a9d0ea41b)
[0m14:40:49.717498 [debug] [Thread-8 (]: Began running node test.demo.source_not_null_tasty_bytes_ORDER_HEADER_ORDER_CURRENCY.e56b453e75
[0m14:40:49.718170 [debug] [Thread-9 (]: Began running node test.demo.source_not_null_tasty_bytes_ORDER_HEADER_ORDER_ID.89a5f3fbfa
[0m14:40:49.718852 [debug] [Thread-10 ]: Began running node test.demo.source_not_null_tasty_bytes_ORDER_HEADER_ORDER_TOTAL.2d1eb475fc
[0m14:40:49.719487 [debug] [Thread-11 ]: Began running node test.demo.source_not_null_tasty_bytes_ORDER_HEADER_ORDER_TS.36723d8df6
[0m14:40:49.720159 [debug] [Thread-12 ]: Began running node test.demo.source_not_null_tasty_bytes_ORDER_HEADER_TRUCK_ID.c45e67bcfa
[0m14:40:49.720826 [debug] [Thread-13 ]: Began running node test.demo.source_not_null_tasty_bytes_TRUCK_COUNTRY.e93a800497
[0m14:40:49.721605 [debug] [Thread-7 (]: Re-using an available connection from the pool (formerly test.demo.source_not_null_tasty_bytes_COUNTRY_COUNTRY_ID.f7a246cdf5, now test.demo.source_not_null_tasty_bytes_ORDER_DETAIL_MENU_ITEM_ID.7a80bd5542)
[0m14:40:49.722223 [debug] [Thread-14 ]: Began running node test.demo.source_not_null_tasty_bytes_TRUCK_MENU_TYPE_ID.6bd51c5577
[0m14:40:49.722926 [debug] [Thread-15 ]: Re-using an available connection from the pool (formerly test.demo.source_not_null_tasty_bytes_MENU_MENU_ITEM_ID.6bf29922bc, now test.demo.source_not_null_tasty_bytes_ORDER_DETAIL_ORDER_DETAIL_ID.f27acf0fec)
[0m14:40:49.723750 [debug] [Thread-17 ]: Finished running node test.demo.source_not_null_tasty_bytes_MENU_MENU_TYPE_ID.bcc1b886ca
[0m14:40:49.724355 [debug] [Thread-16 ]: Began running node test.demo.source_not_null_tasty_bytes_TRUCK_PRIMARY_CITY.e786a2ab44
[0m14:40:49.725012 [debug] [Thread-4 (]: Re-using an available connection from the pool (formerly test.demo.source_not_null_tasty_bytes_COUNTRY_ISO_COUNTRY.b88a1f3ec4, now test.demo.source_not_null_tasty_bytes_ORDER_DETAIL_ORDER_ID.0403682618)
[0m14:40:49.725687 [debug] [Thread-5 (]: Re-using an available connection from the pool (formerly test.demo.source_not_null_tasty_bytes_FRANCHISE_E_MAIL.484a61fcc8, now test.demo.source_not_null_tasty_bytes_ORDER_DETAIL_QUANTITY.4fde84e57a)
[0m14:40:49.726295 [debug] [Thread-6 (]: Re-using an available connection from the pool (formerly test.demo.source_not_null_tasty_bytes_FRANCHISE_FIRST_NAME.60f34d639f, now test.demo.source_not_null_tasty_bytes_ORDER_HEADER_LOCATION_ID.8690b90fe4)
[0m14:40:49.726886 [debug] [Thread-3 (]: Re-using an available connection from the pool (formerly test.demo.source_not_null_tasty_bytes_FRANCHISE_FRANCHISE_ID.915a34362f, now test.demo.source_not_null_tasty_bytes_ORDER_HEADER_ORDER_AMOUNT.2eb11c3081)
[0m14:40:49.727441 [debug] [Thread-2 (]: Began compiling node test.demo.source_not_null_tasty_bytes_ORDER_DETAIL_LINE_NUMBER.4a9d0ea41b
[0m14:40:49.728043 [debug] [Thread-8 (]: Re-using an available connection from the pool (formerly test.demo.source_not_null_tasty_bytes_FRANCHISE_LAST_NAME.52e9df7091, now test.demo.source_not_null_tasty_bytes_ORDER_HEADER_ORDER_CURRENCY.e56b453e75)
[0m14:40:49.728657 [debug] [Thread-9 (]: Re-using an available connection from the pool (formerly test.demo.source_not_null_tasty_bytes_LOCATION_CITY.22c206b3a9, now test.demo.source_not_null_tasty_bytes_ORDER_HEADER_ORDER_ID.89a5f3fbfa)
[0m14:40:49.729808 [debug] [Thread-10 ]: Re-using an available connection from the pool (formerly test.demo.source_not_null_tasty_bytes_LOCATION_COUNTRY.183f4dd186, now test.demo.source_not_null_tasty_bytes_ORDER_HEADER_ORDER_TOTAL.2d1eb475fc)
[0m14:40:49.730407 [debug] [Thread-11 ]: Re-using an available connection from the pool (formerly test.demo.source_not_null_tasty_bytes_LOCATION_ISO_COUNTRY_CODE.d7f0f04daa, now test.demo.source_not_null_tasty_bytes_ORDER_HEADER_ORDER_TS.36723d8df6)
[0m14:40:49.731003 [debug] [Thread-12 ]: Re-using an available connection from the pool (formerly test.demo.source_not_null_tasty_bytes_LOCATION_LOCATION.bd6b642b8a, now test.demo.source_not_null_tasty_bytes_ORDER_HEADER_TRUCK_ID.c45e67bcfa)
[0m14:40:49.731612 [debug] [Thread-13 ]: Re-using an available connection from the pool (formerly test.demo.source_not_null_tasty_bytes_LOCATION_LOCATION_ID.e3171e73c8, now test.demo.source_not_null_tasty_bytes_TRUCK_COUNTRY.e93a800497)
[0m14:40:49.732206 [debug] [Thread-7 (]: Began compiling node test.demo.source_not_null_tasty_bytes_ORDER_DETAIL_MENU_ITEM_ID.7a80bd5542
[0m14:40:49.732825 [debug] [Thread-14 ]: Re-using an available connection from the pool (formerly test.demo.source_not_null_tasty_bytes_MENU_MENU_ID.2a8a13dd9e, now test.demo.source_not_null_tasty_bytes_TRUCK_MENU_TYPE_ID.6bd51c5577)
[0m14:40:49.733474 [debug] [Thread-15 ]: Began compiling node test.demo.source_not_null_tasty_bytes_ORDER_DETAIL_ORDER_DETAIL_ID.f27acf0fec
[0m14:40:49.734109 [debug] [Thread-17 ]: Began running node test.demo.source_not_null_tasty_bytes_TRUCK_TRUCK_ID.1ff63eb2fa
[0m14:40:49.734815 [debug] [Thread-16 ]: Re-using an available connection from the pool (formerly test.demo.source_not_null_tasty_bytes_MENU_MENU_ITEM_NAME.a9aea2fff7, now test.demo.source_not_null_tasty_bytes_TRUCK_PRIMARY_CITY.e786a2ab44)
[0m14:40:49.735369 [debug] [Thread-4 (]: Began compiling node test.demo.source_not_null_tasty_bytes_ORDER_DETAIL_ORDER_ID.0403682618
[0m14:40:49.735915 [debug] [Thread-5 (]: Began compiling node test.demo.source_not_null_tasty_bytes_ORDER_DETAIL_QUANTITY.4fde84e57a
[0m14:40:49.736451 [debug] [Thread-6 (]: Began compiling node test.demo.source_not_null_tasty_bytes_ORDER_HEADER_LOCATION_ID.8690b90fe4
[0m14:40:49.736947 [debug] [Thread-3 (]: Began compiling node test.demo.source_not_null_tasty_bytes_ORDER_HEADER_ORDER_AMOUNT.2eb11c3081
[0m14:40:49.745021 [debug] [Thread-2 (]: Writing injected SQL for node "test.demo.source_not_null_tasty_bytes_ORDER_DETAIL_LINE_NUMBER.4a9d0ea41b"
[0m14:40:49.745716 [debug] [Thread-8 (]: Began compiling node test.demo.source_not_null_tasty_bytes_ORDER_HEADER_ORDER_CURRENCY.e56b453e75
[0m14:40:49.746296 [debug] [Thread-9 (]: Began compiling node test.demo.source_not_null_tasty_bytes_ORDER_HEADER_ORDER_ID.89a5f3fbfa
[0m14:40:49.746864 [debug] [Thread-10 ]: Began compiling node test.demo.source_not_null_tasty_bytes_ORDER_HEADER_ORDER_TOTAL.2d1eb475fc
[0m14:40:49.747416 [debug] [Thread-11 ]: Began compiling node test.demo.source_not_null_tasty_bytes_ORDER_HEADER_ORDER_TS.36723d8df6
[0m14:40:49.747954 [debug] [Thread-12 ]: Began compiling node test.demo.source_not_null_tasty_bytes_ORDER_HEADER_TRUCK_ID.c45e67bcfa
[0m14:40:49.748458 [debug] [Thread-13 ]: Began compiling node test.demo.source_not_null_tasty_bytes_TRUCK_COUNTRY.e93a800497
[0m14:40:49.755070 [debug] [Thread-7 (]: Writing injected SQL for node "test.demo.source_not_null_tasty_bytes_ORDER_DETAIL_MENU_ITEM_ID.7a80bd5542"
[0m14:40:49.755739 [debug] [Thread-14 ]: Began compiling node test.demo.source_not_null_tasty_bytes_TRUCK_MENU_TYPE_ID.6bd51c5577
[0m14:40:49.762377 [debug] [Thread-15 ]: Writing injected SQL for node "test.demo.source_not_null_tasty_bytes_ORDER_DETAIL_ORDER_DETAIL_ID.f27acf0fec"
[0m14:40:49.763112 [debug] [Thread-17 ]: Re-using an available connection from the pool (formerly test.demo.source_not_null_tasty_bytes_MENU_MENU_TYPE_ID.bcc1b886ca, now test.demo.source_not_null_tasty_bytes_TRUCK_TRUCK_ID.1ff63eb2fa)
[0m14:40:49.763713 [debug] [Thread-16 ]: Began compiling node test.demo.source_not_null_tasty_bytes_TRUCK_PRIMARY_CITY.e786a2ab44
[0m14:40:49.770124 [debug] [Thread-4 (]: Writing injected SQL for node "test.demo.source_not_null_tasty_bytes_ORDER_DETAIL_ORDER_ID.0403682618"
[0m14:40:49.778080 [debug] [Thread-5 (]: Writing injected SQL for node "test.demo.source_not_null_tasty_bytes_ORDER_DETAIL_QUANTITY.4fde84e57a"
[0m14:40:49.784187 [debug] [Thread-6 (]: Writing injected SQL for node "test.demo.source_not_null_tasty_bytes_ORDER_HEADER_LOCATION_ID.8690b90fe4"
[0m14:40:49.790622 [debug] [Thread-3 (]: Writing injected SQL for node "test.demo.source_not_null_tasty_bytes_ORDER_HEADER_ORDER_AMOUNT.2eb11c3081"
[0m14:40:49.797612 [debug] [Thread-8 (]: Writing injected SQL for node "test.demo.source_not_null_tasty_bytes_ORDER_HEADER_ORDER_CURRENCY.e56b453e75"
[0m14:40:49.798225 [debug] [Thread-2 (]: Began executing node test.demo.source_not_null_tasty_bytes_ORDER_DETAIL_LINE_NUMBER.4a9d0ea41b
[0m14:40:49.806120 [debug] [Thread-9 (]: Writing injected SQL for node "test.demo.source_not_null_tasty_bytes_ORDER_HEADER_ORDER_ID.89a5f3fbfa"
[0m14:40:49.812537 [debug] [Thread-10 ]: Writing injected SQL for node "test.demo.source_not_null_tasty_bytes_ORDER_HEADER_ORDER_TOTAL.2d1eb475fc"
[0m14:40:49.818977 [debug] [Thread-11 ]: Writing injected SQL for node "test.demo.source_not_null_tasty_bytes_ORDER_HEADER_ORDER_TS.36723d8df6"
[0m14:40:49.825465 [debug] [Thread-12 ]: Writing injected SQL for node "test.demo.source_not_null_tasty_bytes_ORDER_HEADER_TRUCK_ID.c45e67bcfa"
[0m14:40:49.923421 [debug] [Thread-13 ]: Writing injected SQL for node "test.demo.source_not_null_tasty_bytes_TRUCK_COUNTRY.e93a800497"
[0m14:40:49.930247 [debug] [Thread-14 ]: Writing injected SQL for node "test.demo.source_not_null_tasty_bytes_TRUCK_MENU_TYPE_ID.6bd51c5577"
[0m14:40:49.930927 [debug] [Thread-7 (]: Began executing node test.demo.source_not_null_tasty_bytes_ORDER_DETAIL_MENU_ITEM_ID.7a80bd5542
[0m14:40:49.931851 [debug] [Thread-17 ]: Began compiling node test.demo.source_not_null_tasty_bytes_TRUCK_TRUCK_ID.1ff63eb2fa
[0m14:40:49.932425 [debug] [Thread-15 ]: Began executing node test.demo.source_not_null_tasty_bytes_ORDER_DETAIL_ORDER_DETAIL_ID.f27acf0fec
[0m14:40:49.938983 [debug] [Thread-16 ]: Writing injected SQL for node "test.demo.source_not_null_tasty_bytes_TRUCK_PRIMARY_CITY.e786a2ab44"
[0m14:40:49.940105 [debug] [Thread-4 (]: Began executing node test.demo.source_not_null_tasty_bytes_ORDER_DETAIL_ORDER_ID.0403682618
[0m14:40:49.941022 [debug] [Thread-5 (]: Began executing node test.demo.source_not_null_tasty_bytes_ORDER_DETAIL_QUANTITY.4fde84e57a
[0m14:40:49.941847 [debug] [Thread-6 (]: Began executing node test.demo.source_not_null_tasty_bytes_ORDER_HEADER_LOCATION_ID.8690b90fe4
[0m14:40:49.942833 [debug] [Thread-3 (]: Began executing node test.demo.source_not_null_tasty_bytes_ORDER_HEADER_ORDER_AMOUNT.2eb11c3081
[0m14:40:49.943845 [debug] [Thread-2 (]: Finished running node test.demo.source_not_null_tasty_bytes_ORDER_DETAIL_LINE_NUMBER.4a9d0ea41b
[0m14:40:49.944518 [debug] [Thread-8 (]: Began executing node test.demo.source_not_null_tasty_bytes_ORDER_HEADER_ORDER_CURRENCY.e56b453e75
[0m14:40:49.945692 [debug] [Thread-9 (]: Began executing node test.demo.source_not_null_tasty_bytes_ORDER_HEADER_ORDER_ID.89a5f3fbfa
[0m14:40:49.946503 [debug] [Thread-10 ]: Began executing node test.demo.source_not_null_tasty_bytes_ORDER_HEADER_ORDER_TOTAL.2d1eb475fc
[0m14:40:49.947435 [debug] [Thread-11 ]: Began executing node test.demo.source_not_null_tasty_bytes_ORDER_HEADER_ORDER_TS.36723d8df6
[0m14:40:49.948466 [debug] [Thread-12 ]: Began executing node test.demo.source_not_null_tasty_bytes_ORDER_HEADER_TRUCK_ID.c45e67bcfa
[0m14:40:49.949322 [debug] [Thread-13 ]: Began executing node test.demo.source_not_null_tasty_bytes_TRUCK_COUNTRY.e93a800497
[0m14:40:49.950375 [debug] [Thread-7 (]: Finished running node test.demo.source_not_null_tasty_bytes_ORDER_DETAIL_MENU_ITEM_ID.7a80bd5542
[0m14:40:49.950993 [debug] [Thread-14 ]: Began executing node test.demo.source_not_null_tasty_bytes_TRUCK_MENU_TYPE_ID.6bd51c5577
[0m14:40:49.958048 [debug] [Thread-17 ]: Writing injected SQL for node "test.demo.source_not_null_tasty_bytes_TRUCK_TRUCK_ID.1ff63eb2fa"
[0m14:40:49.959051 [debug] [Thread-15 ]: Finished running node test.demo.source_not_null_tasty_bytes_ORDER_DETAIL_ORDER_DETAIL_ID.f27acf0fec
[0m14:40:49.960303 [debug] [Thread-4 (]: Finished running node test.demo.source_not_null_tasty_bytes_ORDER_DETAIL_ORDER_ID.0403682618
[0m14:40:49.960876 [debug] [Thread-16 ]: Began executing node test.demo.source_not_null_tasty_bytes_TRUCK_PRIMARY_CITY.e786a2ab44
[0m14:40:49.961806 [debug] [Thread-5 (]: Finished running node test.demo.source_not_null_tasty_bytes_ORDER_DETAIL_QUANTITY.4fde84e57a
[0m14:40:49.962660 [debug] [Thread-6 (]: Finished running node test.demo.source_not_null_tasty_bytes_ORDER_HEADER_LOCATION_ID.8690b90fe4
[0m14:40:49.963501 [debug] [Thread-3 (]: Finished running node test.demo.source_not_null_tasty_bytes_ORDER_HEADER_ORDER_AMOUNT.2eb11c3081
[0m14:40:49.964198 [debug] [Thread-2 (]: Began running node test.demo.source_not_null_tasty_bytes_TRUCK_TRUCK_OPENING_DATE.b1a1929ada
[0m14:40:49.965115 [debug] [Thread-8 (]: Finished running node test.demo.source_not_null_tasty_bytes_ORDER_HEADER_ORDER_CURRENCY.e56b453e75
[0m14:40:49.966015 [debug] [Thread-9 (]: Finished running node test.demo.source_not_null_tasty_bytes_ORDER_HEADER_ORDER_ID.89a5f3fbfa
[0m14:40:49.966821 [debug] [Thread-10 ]: Finished running node test.demo.source_not_null_tasty_bytes_ORDER_HEADER_ORDER_TOTAL.2d1eb475fc
[0m14:40:49.967608 [debug] [Thread-11 ]: Finished running node test.demo.source_not_null_tasty_bytes_ORDER_HEADER_ORDER_TS.36723d8df6
[0m14:40:49.968422 [debug] [Thread-12 ]: Finished running node test.demo.source_not_null_tasty_bytes_ORDER_HEADER_TRUCK_ID.c45e67bcfa
[0m14:40:49.969281 [debug] [Thread-13 ]: Finished running node test.demo.source_not_null_tasty_bytes_TRUCK_COUNTRY.e93a800497
[0m14:40:49.969943 [debug] [Thread-7 (]: Began running node test.demo.source_not_null_tasty_bytes_TRUCK_YEAR.f9d1c04d0c
[0m14:40:49.970826 [debug] [Thread-14 ]: Finished running node test.demo.source_not_null_tasty_bytes_TRUCK_MENU_TYPE_ID.6bd51c5577
[0m14:40:49.971802 [debug] [Thread-15 ]: Began running node test.demo.source_relationships_tasty_bytes_ORDER_DETAIL_ORDER_ID__ORDER_ID__source_tasty_bytes_ORDER_HEADER_.57a12aa61e
[0m14:40:49.972421 [debug] [Thread-17 ]: Began executing node test.demo.source_not_null_tasty_bytes_TRUCK_TRUCK_ID.1ff63eb2fa
[0m14:40:49.973069 [debug] [Thread-4 (]: Began running node test.demo.source_relationships_tasty_bytes_ORDER_HEADER_LOCATION_ID__LOCATION_ID__source_tasty_bytes_LOCATION_.9fa903d9d1
[0m14:40:49.974117 [debug] [Thread-16 ]: Finished running node test.demo.source_not_null_tasty_bytes_TRUCK_PRIMARY_CITY.e786a2ab44
[0m14:40:49.974796 [debug] [Thread-5 (]: Began running node test.demo.source_relationships_tasty_bytes_ORDER_HEADER_TRUCK_ID__TRUCK_ID__source_tasty_bytes_TRUCK_.09d0e76d4f
[0m14:40:49.975515 [debug] [Thread-6 (]: Began running node test.demo.source_relationships_tasty_bytes_TRUCK_FRANCHISE_ID__FRANCHISE_ID__source_tasty_bytes_FRANCHISE_.ac06396e76
[0m14:40:49.976220 [debug] [Thread-3 (]: Began running node test.demo.source_unique_tasty_bytes_LOCATION_LOCATION_ID.1334f92af6
[0m14:40:49.976947 [debug] [Thread-2 (]: Re-using an available connection from the pool (formerly test.demo.source_not_null_tasty_bytes_ORDER_DETAIL_LINE_NUMBER.4a9d0ea41b, now test.demo.source_not_null_tasty_bytes_TRUCK_TRUCK_OPENING_DATE.b1a1929ada)
[0m14:40:49.977635 [debug] [Thread-8 (]: Began running node test.demo.source_unique_tasty_bytes_LOCATION_PLACEKEY.6958c7d760
[0m14:40:49.978279 [debug] [Thread-9 (]: Began running node test.demo.source_unique_tasty_bytes_MENU_MENU_ID.e4f53516b5
[0m14:40:49.978907 [debug] [Thread-10 ]: Began running node test.demo.source_unique_tasty_bytes_TRUCK_TRUCK_ID.8e617e545d
[0m14:40:49.979554 [debug] [Thread-11 ]: Began running node model.demo.customer_loyalty_metrics
[0m14:40:49.980174 [debug] [Thread-12 ]: Began running node model.demo.orders
[0m14:40:49.980798 [debug] [Thread-13 ]: Began running node model.demo.sales_metrics_by_location
[0m14:40:49.981533 [debug] [Thread-7 (]: Re-using an available connection from the pool (formerly test.demo.source_not_null_tasty_bytes_ORDER_DETAIL_MENU_ITEM_ID.7a80bd5542, now test.demo.source_not_null_tasty_bytes_TRUCK_YEAR.f9d1c04d0c)
[0m14:40:49.982291 [debug] [Thread-15 ]: Re-using an available connection from the pool (formerly test.demo.source_not_null_tasty_bytes_ORDER_DETAIL_ORDER_DETAIL_ID.f27acf0fec, now test.demo.source_relationships_tasty_bytes_ORDER_DETAIL_ORDER_ID__ORDER_ID__source_tasty_bytes_ORDER_HEADER_.57a12aa61e)
[0m14:40:49.983093 [debug] [Thread-17 ]: Finished running node test.demo.source_not_null_tasty_bytes_TRUCK_TRUCK_ID.1ff63eb2fa
[0m14:40:49.983703 [debug] [Thread-4 (]: Re-using an available connection from the pool (formerly test.demo.source_not_null_tasty_bytes_ORDER_DETAIL_ORDER_ID.0403682618, now test.demo.source_relationships_tasty_bytes_ORDER_HEADER_LOCATION_ID__LOCATION_ID__source_tasty_bytes_LOCATION_.9fa903d9d1)
[0m14:40:49.984562 [debug] [Thread-5 (]: Re-using an available connection from the pool (formerly test.demo.source_not_null_tasty_bytes_ORDER_DETAIL_QUANTITY.4fde84e57a, now test.demo.source_relationships_tasty_bytes_ORDER_HEADER_TRUCK_ID__TRUCK_ID__source_tasty_bytes_TRUCK_.09d0e76d4f)
[0m14:40:49.985177 [debug] [Thread-6 (]: Re-using an available connection from the pool (formerly test.demo.source_not_null_tasty_bytes_ORDER_HEADER_LOCATION_ID.8690b90fe4, now test.demo.source_relationships_tasty_bytes_TRUCK_FRANCHISE_ID__FRANCHISE_ID__source_tasty_bytes_FRANCHISE_.ac06396e76)
[0m14:40:49.985871 [debug] [Thread-3 (]: Re-using an available connection from the pool (formerly test.demo.source_not_null_tasty_bytes_ORDER_HEADER_ORDER_AMOUNT.2eb11c3081, now test.demo.source_unique_tasty_bytes_LOCATION_LOCATION_ID.1334f92af6)
[0m14:40:49.986434 [debug] [Thread-2 (]: Began compiling node test.demo.source_not_null_tasty_bytes_TRUCK_TRUCK_OPENING_DATE.b1a1929ada
[0m14:40:49.987032 [debug] [Thread-8 (]: Re-using an available connection from the pool (formerly test.demo.source_not_null_tasty_bytes_ORDER_HEADER_ORDER_CURRENCY.e56b453e75, now test.demo.source_unique_tasty_bytes_LOCATION_PLACEKEY.6958c7d760)
[0m14:40:49.988094 [debug] [Thread-9 (]: Re-using an available connection from the pool (formerly test.demo.source_not_null_tasty_bytes_ORDER_HEADER_ORDER_ID.89a5f3fbfa, now test.demo.source_unique_tasty_bytes_MENU_MENU_ID.e4f53516b5)
[0m14:40:49.988724 [debug] [Thread-10 ]: Re-using an available connection from the pool (formerly test.demo.source_not_null_tasty_bytes_ORDER_HEADER_ORDER_TOTAL.2d1eb475fc, now test.demo.source_unique_tasty_bytes_TRUCK_TRUCK_ID.8e617e545d)
[0m14:40:49.989409 [debug] [Thread-11 ]: Re-using an available connection from the pool (formerly test.demo.source_not_null_tasty_bytes_ORDER_HEADER_ORDER_TS.36723d8df6, now model.demo.customer_loyalty_metrics)
[0m14:40:49.989992 [debug] [Thread-12 ]: Re-using an available connection from the pool (formerly test.demo.source_not_null_tasty_bytes_ORDER_HEADER_TRUCK_ID.c45e67bcfa, now model.demo.orders)
[0m14:40:49.990565 [debug] [Thread-13 ]: Re-using an available connection from the pool (formerly test.demo.source_not_null_tasty_bytes_TRUCK_COUNTRY.e93a800497, now model.demo.sales_metrics_by_location)
[0m14:40:49.991120 [debug] [Thread-7 (]: Began compiling node test.demo.source_not_null_tasty_bytes_TRUCK_YEAR.f9d1c04d0c
[0m14:40:49.991630 [debug] [Thread-15 ]: Began compiling node test.demo.source_relationships_tasty_bytes_ORDER_DETAIL_ORDER_ID__ORDER_ID__source_tasty_bytes_ORDER_HEADER_.57a12aa61e
[0m14:40:49.992343 [debug] [Thread-4 (]: Began compiling node test.demo.source_relationships_tasty_bytes_ORDER_HEADER_LOCATION_ID__LOCATION_ID__source_tasty_bytes_LOCATION_.9fa903d9d1
[0m14:40:49.992888 [debug] [Thread-5 (]: Began compiling node test.demo.source_relationships_tasty_bytes_ORDER_HEADER_TRUCK_ID__TRUCK_ID__source_tasty_bytes_TRUCK_.09d0e76d4f
[0m14:40:49.993475 [debug] [Thread-6 (]: Began compiling node test.demo.source_relationships_tasty_bytes_TRUCK_FRANCHISE_ID__FRANCHISE_ID__source_tasty_bytes_FRANCHISE_.ac06396e76
[0m14:40:49.993990 [debug] [Thread-3 (]: Began compiling node test.demo.source_unique_tasty_bytes_LOCATION_LOCATION_ID.1334f92af6
[0m14:40:50.002236 [debug] [Thread-2 (]: Writing injected SQL for node "test.demo.source_not_null_tasty_bytes_TRUCK_TRUCK_OPENING_DATE.b1a1929ada"
[0m14:40:50.002923 [debug] [Thread-8 (]: Began compiling node test.demo.source_unique_tasty_bytes_LOCATION_PLACEKEY.6958c7d760
[0m14:40:50.003526 [debug] [Thread-9 (]: Began compiling node test.demo.source_unique_tasty_bytes_MENU_MENU_ID.e4f53516b5
[0m14:40:50.004090 [debug] [Thread-10 ]: Began compiling node test.demo.source_unique_tasty_bytes_TRUCK_TRUCK_ID.8e617e545d
[0m14:40:50.004636 [debug] [Thread-11 ]: Began compiling node model.demo.customer_loyalty_metrics
[0m14:40:50.005155 [debug] [Thread-12 ]: Began compiling node model.demo.orders
[0m14:40:50.005782 [debug] [Thread-13 ]: Began compiling node model.demo.sales_metrics_by_location
[0m14:40:50.012365 [debug] [Thread-7 (]: Writing injected SQL for node "test.demo.source_not_null_tasty_bytes_TRUCK_YEAR.f9d1c04d0c"
[0m14:40:50.020093 [debug] [Thread-15 ]: Writing injected SQL for node "test.demo.source_relationships_tasty_bytes_ORDER_DETAIL_ORDER_ID__ORDER_ID__source_tasty_bytes_ORDER_HEADER_.57a12aa61e"
[0m14:40:50.027742 [debug] [Thread-4 (]: Writing injected SQL for node "test.demo.source_relationships_tasty_bytes_ORDER_HEADER_LOCATION_ID__LOCATION_ID__source_tasty_bytes_LOCATION_.9fa903d9d1"
[0m14:40:50.037179 [debug] [Thread-5 (]: Writing injected SQL for node "test.demo.source_relationships_tasty_bytes_ORDER_HEADER_TRUCK_ID__TRUCK_ID__source_tasty_bytes_TRUCK_.09d0e76d4f"
[0m14:40:50.045560 [debug] [Thread-6 (]: Writing injected SQL for node "test.demo.source_relationships_tasty_bytes_TRUCK_FRANCHISE_ID__FRANCHISE_ID__source_tasty_bytes_FRANCHISE_.ac06396e76"
[0m14:40:50.054837 [debug] [Thread-3 (]: Writing injected SQL for node "test.demo.source_unique_tasty_bytes_LOCATION_LOCATION_ID.1334f92af6"
[0m14:40:50.061750 [debug] [Thread-8 (]: Writing injected SQL for node "test.demo.source_unique_tasty_bytes_LOCATION_PLACEKEY.6958c7d760"
[0m14:40:50.062374 [debug] [Thread-2 (]: Began executing node test.demo.source_not_null_tasty_bytes_TRUCK_TRUCK_OPENING_DATE.b1a1929ada
[0m14:40:50.070861 [debug] [Thread-9 (]: Writing injected SQL for node "test.demo.source_unique_tasty_bytes_MENU_MENU_ID.e4f53516b5"
[0m14:40:50.077696 [debug] [Thread-10 ]: Writing injected SQL for node "test.demo.source_unique_tasty_bytes_TRUCK_TRUCK_ID.8e617e545d"
[0m14:40:50.083176 [debug] [Thread-11 ]: Writing injected SQL for node "model.demo.customer_loyalty_metrics"
[0m14:40:50.090139 [debug] [Thread-12 ]: Writing injected SQL for node "model.demo.orders"
[0m14:40:50.119987 [debug] [Thread-13 ]: Writing injected SQL for node "model.demo.sales_metrics_by_location"
[0m14:40:50.121137 [debug] [Thread-7 (]: Began executing node test.demo.source_not_null_tasty_bytes_TRUCK_YEAR.f9d1c04d0c
[0m14:40:50.122287 [debug] [Thread-15 ]: Began executing node test.demo.source_relationships_tasty_bytes_ORDER_DETAIL_ORDER_ID__ORDER_ID__source_tasty_bytes_ORDER_HEADER_.57a12aa61e
[0m14:40:50.123213 [debug] [Thread-4 (]: Began executing node test.demo.source_relationships_tasty_bytes_ORDER_HEADER_LOCATION_ID__LOCATION_ID__source_tasty_bytes_LOCATION_.9fa903d9d1
[0m14:40:50.124083 [debug] [Thread-5 (]: Began executing node test.demo.source_relationships_tasty_bytes_ORDER_HEADER_TRUCK_ID__TRUCK_ID__source_tasty_bytes_TRUCK_.09d0e76d4f
[0m14:40:50.125030 [debug] [Thread-6 (]: Began executing node test.demo.source_relationships_tasty_bytes_TRUCK_FRANCHISE_ID__FRANCHISE_ID__source_tasty_bytes_FRANCHISE_.ac06396e76
[0m14:40:50.126085 [debug] [Thread-3 (]: Began executing node test.demo.source_unique_tasty_bytes_LOCATION_LOCATION_ID.1334f92af6
[0m14:40:50.127109 [debug] [Thread-2 (]: Finished running node test.demo.source_not_null_tasty_bytes_TRUCK_TRUCK_OPENING_DATE.b1a1929ada
[0m14:40:50.127701 [debug] [Thread-8 (]: Began executing node test.demo.source_unique_tasty_bytes_LOCATION_PLACEKEY.6958c7d760
[0m14:40:50.128710 [debug] [Thread-9 (]: Began executing node test.demo.source_unique_tasty_bytes_MENU_MENU_ID.e4f53516b5
[0m14:40:50.129607 [debug] [Thread-10 ]: Began executing node test.demo.source_unique_tasty_bytes_TRUCK_TRUCK_ID.8e617e545d
[0m14:40:50.130578 [debug] [Thread-11 ]: Began executing node model.demo.customer_loyalty_metrics
[0m14:40:50.131415 [debug] [Thread-12 ]: Began executing node model.demo.orders
[0m14:40:50.132395 [debug] [Thread-7 (]: Finished running node test.demo.source_not_null_tasty_bytes_TRUCK_YEAR.f9d1c04d0c
[0m14:40:50.132981 [debug] [Thread-13 ]: Began executing node model.demo.sales_metrics_by_location
[0m14:40:50.133893 [debug] [Thread-15 ]: Finished running node test.demo.source_relationships_tasty_bytes_ORDER_DETAIL_ORDER_ID__ORDER_ID__source_tasty_bytes_ORDER_HEADER_.57a12aa61e
[0m14:40:50.134700 [debug] [Thread-4 (]: Finished running node test.demo.source_relationships_tasty_bytes_ORDER_HEADER_LOCATION_ID__LOCATION_ID__source_tasty_bytes_LOCATION_.9fa903d9d1
[0m14:40:50.135591 [debug] [Thread-5 (]: Finished running node test.demo.source_relationships_tasty_bytes_ORDER_HEADER_TRUCK_ID__TRUCK_ID__source_tasty_bytes_TRUCK_.09d0e76d4f
[0m14:40:50.136449 [debug] [Thread-6 (]: Finished running node test.demo.source_relationships_tasty_bytes_TRUCK_FRANCHISE_ID__FRANCHISE_ID__source_tasty_bytes_FRANCHISE_.ac06396e76
[0m14:40:50.137348 [debug] [Thread-3 (]: Finished running node test.demo.source_unique_tasty_bytes_LOCATION_LOCATION_ID.1334f92af6
[0m14:40:50.138423 [debug] [Thread-8 (]: Finished running node test.demo.source_unique_tasty_bytes_LOCATION_PLACEKEY.6958c7d760
[0m14:40:50.139246 [debug] [Thread-9 (]: Finished running node test.demo.source_unique_tasty_bytes_MENU_MENU_ID.e4f53516b5
[0m14:40:50.140065 [debug] [Thread-10 ]: Finished running node test.demo.source_unique_tasty_bytes_TRUCK_TRUCK_ID.8e617e545d
[0m14:40:50.140882 [debug] [Thread-11 ]: Finished running node model.demo.customer_loyalty_metrics
[0m14:40:50.141736 [debug] [Thread-12 ]: Finished running node model.demo.orders
[0m14:40:50.142842 [debug] [Thread-13 ]: Finished running node model.demo.sales_metrics_by_location
[0m14:40:50.150279 [debug] [Dummy-1   ]: Connection 'master' was properly closed.
[0m14:40:50.150906 [debug] [Dummy-1   ]: Connection 'test.demo.source_unique_tasty_bytes_LOCATION_LOCATION_ID.1334f92af6' was properly closed.
[0m14:40:50.151421 [debug] [Dummy-1   ]: Connection 'test.demo.source_not_null_tasty_bytes_TRUCK_TRUCK_OPENING_DATE.b1a1929ada' was properly closed.
[0m14:40:50.151905 [debug] [Dummy-1   ]: Connection 'test.demo.source_not_null_tasty_bytes_TRUCK_YEAR.f9d1c04d0c' was properly closed.
[0m14:40:50.152369 [debug] [Dummy-1   ]: Connection 'test.demo.source_relationships_tasty_bytes_ORDER_HEADER_LOCATION_ID__LOCATION_ID__source_tasty_bytes_LOCATION_.9fa903d9d1' was properly closed.
[0m14:40:50.152798 [debug] [Dummy-1   ]: Connection 'test.demo.source_relationships_tasty_bytes_ORDER_HEADER_TRUCK_ID__TRUCK_ID__source_tasty_bytes_TRUCK_.09d0e76d4f' was properly closed.
[0m14:40:50.153314 [debug] [Dummy-1   ]: Connection 'test.demo.source_relationships_tasty_bytes_TRUCK_FRANCHISE_ID__FRANCHISE_ID__source_tasty_bytes_FRANCHISE_.ac06396e76' was properly closed.
[0m14:40:50.153773 [debug] [Dummy-1   ]: Connection 'test.demo.source_unique_tasty_bytes_LOCATION_PLACEKEY.6958c7d760' was properly closed.
[0m14:40:50.154195 [debug] [Dummy-1   ]: Connection 'test.demo.source_unique_tasty_bytes_MENU_MENU_ID.e4f53516b5' was properly closed.
[0m14:40:50.154584 [debug] [Dummy-1   ]: Connection 'test.demo.source_unique_tasty_bytes_TRUCK_TRUCK_ID.8e617e545d' was properly closed.
[0m14:40:50.154986 [debug] [Dummy-1   ]: Connection 'model.demo.customer_loyalty_metrics' was properly closed.
[0m14:40:50.155387 [debug] [Dummy-1   ]: Connection 'model.demo.orders' was properly closed.
[0m14:40:50.155806 [debug] [Dummy-1   ]: Connection 'model.demo.sales_metrics_by_location' was properly closed.
[0m14:40:50.156207 [debug] [Dummy-1   ]: Connection 'test.demo.source_not_null_tasty_bytes_TRUCK_MENU_TYPE_ID.6bd51c5577' was properly closed.
[0m14:40:50.156608 [debug] [Dummy-1   ]: Connection 'test.demo.source_relationships_tasty_bytes_ORDER_DETAIL_ORDER_ID__ORDER_ID__source_tasty_bytes_ORDER_HEADER_.57a12aa61e' was properly closed.
[0m14:40:50.157048 [debug] [Dummy-1   ]: Connection 'test.demo.source_not_null_tasty_bytes_TRUCK_PRIMARY_CITY.e786a2ab44' was properly closed.
[0m14:40:50.157550 [debug] [Dummy-1   ]: Connection 'test.demo.source_not_null_tasty_bytes_TRUCK_TRUCK_ID.1ff63eb2fa' was properly closed.
[0m14:40:50.164528 [debug] [Dummy-1   ]: Command end result
[0m14:40:50.205501 [debug] [Dummy-1   ]: Wrote artifact WritableManifest to /tmp/dbt/target/manifest.json
[0m14:40:50.207918 [debug] [Dummy-1   ]: Wrote artifact SemanticManifest to /tmp/dbt/target/semantic_manifest.json
[0m14:40:50.217412 [debug] [Dummy-1   ]: Wrote artifact RunExecutionResult to /tmp/dbt/target/run_results.json
[0m14:40:50.219642 [debug] [Dummy-1   ]: Resource report: {"command_name": "compile", "command_success": true, "command_wall_clock_time": 4.9448667, "process_in_blocks": "0", "process_kernel_time": 1.28, "process_mem_max_rss": "580352", "process_out_blocks": "0", "process_user_time": 6.8}
[0m14:40:50.220349 [debug] [Dummy-1   ]: Command `cli compile` succeeded at 14:40:50.220074 after 4.95 seconds
[0m14:40:50.220933 [debug] [Dummy-1   ]: Flushing usage events


============================== 14:42:52.044175 | f01c88e3-21f3-4ac5-b7a0-069cc655d529 ==============================
[0m14:42:52.044175 [info ] [Dummy-1   ]: Running with dbt=1.9.4
[0m14:42:52.045036 [debug] [Dummy-1   ]: running dbt with arguments {'printer_width': '80', 'indirect_selection': 'eager', 'log_cache_events': 'False', 'write_json': 'True', 'partial_parse': 'True', 'cache_selected_only': 'False', 'profiles_dir': '/tmp/dbt_effective_profiles_o8ldac3j', 'debug': 'False', 'warn_error': 'None', 'log_path': '/tmp/dbt/logs', 'version_check': 'True', 'fail_fast': 'False', 'use_colors': 'True', 'use_experimental_parser': 'False', 'no_print': 'None', 'quiet': 'False', 'empty': 'False', 'log_format': 'default', 'introspect': 'True', 'invocation_command': 'dbt ', 'static_parser': 'True', 'target_path': 'None', 'warn_error_options': 'WarnErrorOptions(include=[], exclude=[])', 'send_anonymous_usage_stats': 'False'}
[0m14:42:52.324160 [info ] [Dummy-1   ]: Registered adapter: snowflake=1.9.2
[0m14:42:52.871097 [debug] [Dummy-1   ]: checksum: d0386c961d148822e25989858a70bb140ca130dc5d9d9ab4513077dae97a3155, vars: {}, profile: , target: dw, version: 1.9.4
[0m14:42:53.191796 [debug] [Dummy-1   ]: Partial parsing enabled: 0 files deleted, 0 files added, 0 files changed.
[0m14:42:53.192357 [debug] [Dummy-1   ]: Partial parsing enabled, no changes found, skipping parsing
[0m14:42:53.345383 [debug] [Dummy-1   ]: Wrote artifact WritableManifest to /tmp/dbt/target/manifest.json
[0m14:42:53.347393 [debug] [Dummy-1   ]: Wrote artifact SemanticManifest to /tmp/dbt/target/semantic_manifest.json
[0m14:42:53.392427 [info ] [Dummy-1   ]: Found 11 models, 50 data tests, 8 sources, 599 macros
[0m14:42:53.395618 [info ] [Dummy-1   ]: 
[0m14:42:53.396175 [info ] [Dummy-1   ]: Concurrency: 16 threads (target='dw')
[0m14:42:53.396587 [info ] [Dummy-1   ]: 
[0m14:42:53.397347 [debug] [Dummy-1   ]: Acquiring new snowflake connection 'master'
[0m14:42:53.403830 [debug] [ThreadPool]: Acquiring new snowflake connection 'list_ddw'
[0m14:42:53.405758 [debug] [ThreadPool]: Acquiring new snowflake connection 'list_ddw'
[0m14:42:53.510313 [debug] [ThreadPool]: Using snowflake connection "list_ddw"
[0m14:42:53.510983 [debug] [ThreadPool]: Using snowflake connection "list_ddw"
[0m14:42:53.511497 [debug] [ThreadPool]: On list_ddw: /* {"app": "dbt", "dbt_version": "1.9.4", "profile_name": "demo", "target_name": "dw", "connection_name": "list_ddw"} */
show terse schemas in database ddw
    limit 10000
[0m14:42:53.511975 [debug] [ThreadPool]: On list_ddw: /* {"app": "dbt", "dbt_version": "1.9.4", "profile_name": "demo", "target_name": "dw", "connection_name": "list_ddw"} */
show terse schemas in database ddw
    limit 10000
[0m14:42:53.512448 [debug] [ThreadPool]: Opening a new connection, currently in state init
[0m14:42:53.512886 [debug] [ThreadPool]: Opening a new connection, currently in state init
[0m14:42:54.133566 [debug] [ThreadPool]: SQL status: SUCCESS 3 in 0.621 seconds
[0m14:42:54.134318 [debug] [ThreadPool]: SQL status: SUCCESS 3 in 0.621 seconds
[0m14:42:54.138070 [debug] [ThreadPool]: Re-using an available connection from the pool (formerly list_ddw, now create_ddw_edw)
[0m14:42:54.138613 [debug] [ThreadPool]: Re-using an available connection from the pool (formerly list_ddw, now create_ddw_staging)
[0m14:42:54.139265 [debug] [ThreadPool]: Creating schema "database: "ddw"
schema: "edw"
"
[0m14:42:54.139866 [debug] [ThreadPool]: Creating schema "database: "ddw"
schema: "staging"
"
[0m14:42:54.146681 [debug] [ThreadPool]: Using snowflake connection "create_ddw_edw"
[0m14:42:54.150945 [debug] [ThreadPool]: Using snowflake connection "create_ddw_staging"
[0m14:42:54.151475 [debug] [ThreadPool]: On create_ddw_edw: /* {"app": "dbt", "dbt_version": "1.9.4", "profile_name": "demo", "target_name": "dw", "connection_name": "create_ddw_edw"} */
create schema if not exists ddw.edw
[0m14:42:54.151967 [debug] [ThreadPool]: On create_ddw_staging: /* {"app": "dbt", "dbt_version": "1.9.4", "profile_name": "demo", "target_name": "dw", "connection_name": "create_ddw_staging"} */
create schema if not exists ddw.staging
[0m14:42:54.152449 [debug] [ThreadPool]: Opening a new connection, currently in state init
[0m14:42:54.152899 [debug] [ThreadPool]: Opening a new connection, currently in state init
[0m14:42:54.739821 [debug] [ThreadPool]: SQL status: SUCCESS 1 in 0.587 seconds
[0m14:42:54.760600 [debug] [ThreadPool]: SQL status: SUCCESS 1 in 0.608 seconds
[0m14:42:54.764868 [debug] [ThreadPool]: Re-using an available connection from the pool (formerly create_ddw_staging, now list_ddw_edw)
[0m14:42:54.766525 [debug] [ThreadPool]: Re-using an available connection from the pool (formerly create_ddw_edw, now list_ddw_staging)
[0m14:42:54.779365 [debug] [ThreadPool]: Using snowflake connection "list_ddw_edw"
[0m14:42:54.783077 [debug] [ThreadPool]: Using snowflake connection "list_ddw_staging"
[0m14:42:54.783622 [debug] [ThreadPool]: On list_ddw_edw: /* {"app": "dbt", "dbt_version": "1.9.4", "profile_name": "demo", "target_name": "dw", "connection_name": "list_ddw_edw"} */
alter session set quoted_identifiers_ignore_case = false;
[0m14:42:54.784091 [debug] [ThreadPool]: On list_ddw_staging: /* {"app": "dbt", "dbt_version": "1.9.4", "profile_name": "demo", "target_name": "dw", "connection_name": "list_ddw_staging"} */
alter session set quoted_identifiers_ignore_case = false;
[0m14:42:54.784533 [debug] [ThreadPool]: Opening a new connection, currently in state init
[0m14:42:54.784972 [debug] [ThreadPool]: Opening a new connection, currently in state init
[0m14:42:55.307648 [debug] [ThreadPool]: SQL status: SUCCESS 1 in 0.523 seconds
[0m14:42:55.308442 [debug] [ThreadPool]: SQL status: SUCCESS 1 in 0.524 seconds
[0m14:42:55.312778 [debug] [ThreadPool]: Using snowflake connection "list_ddw_staging"
[0m14:42:55.314489 [debug] [ThreadPool]: Using snowflake connection "list_ddw_edw"
[0m14:42:55.314995 [debug] [ThreadPool]: On list_ddw_staging: /* {"app": "dbt", "dbt_version": "1.9.4", "profile_name": "demo", "target_name": "dw", "connection_name": "list_ddw_staging"} */
show objects in ddw.staging
    limit 10000
    
;
[0m14:42:55.315477 [debug] [ThreadPool]: On list_ddw_edw: /* {"app": "dbt", "dbt_version": "1.9.4", "profile_name": "demo", "target_name": "dw", "connection_name": "list_ddw_edw"} */
show objects in ddw.edw
    limit 10000
    
;
[0m14:42:55.425575 [debug] [ThreadPool]: SQL status: SUCCESS 0 in 0.109 seconds
[0m14:42:55.427279 [debug] [ThreadPool]: Using snowflake connection "list_ddw_edw"
[0m14:42:55.427758 [debug] [ThreadPool]: On list_ddw_edw: /* {"app": "dbt", "dbt_version": "1.9.4", "profile_name": "demo", "target_name": "dw", "connection_name": "list_ddw_edw"} */
alter session unset quoted_identifiers_ignore_case;
[0m14:42:55.434010 [debug] [ThreadPool]: SQL status: SUCCESS 0 in 0.118 seconds
[0m14:42:55.435572 [debug] [ThreadPool]: Using snowflake connection "list_ddw_staging"
[0m14:42:55.436047 [debug] [ThreadPool]: On list_ddw_staging: /* {"app": "dbt", "dbt_version": "1.9.4", "profile_name": "demo", "target_name": "dw", "connection_name": "list_ddw_staging"} */
alter session unset quoted_identifiers_ignore_case;
[0m14:42:55.529762 [debug] [ThreadPool]: SQL status: SUCCESS 1 in 0.101 seconds
[0m14:42:55.540211 [debug] [ThreadPool]: SQL status: SUCCESS 1 in 0.104 seconds
[0m14:42:55.564160 [debug] [Thread-2 (]: Began running node model.demo.lnd_tb_raw_customer_customer_loyalty
[0m14:42:55.564753 [debug] [Thread-3 (]: Began running node model.demo.lnd_tb_raw_pos_country
[0m14:42:55.565356 [debug] [Thread-4 (]: Began running node model.demo.lnd_tb_raw_pos_franchise
[0m14:42:55.565994 [debug] [Thread-5 (]: Began running node model.demo.lnd_tb_raw_pos_location
[0m14:42:55.566542 [debug] [Thread-6 (]: Began running node model.demo.lnd_tb_raw_pos_menu
[0m14:42:55.567076 [debug] [Thread-7 (]: Began running node model.demo.lnd_tb_raw_pos_order_detail
[0m14:42:55.567738 [info ] [Thread-2 (]: 1 of 11 START sql view model staging.lnd_tb_raw_customer_customer_loyalty ...... [RUN]
[0m14:42:55.568353 [debug] [Thread-8 (]: Began running node model.demo.lnd_tb_raw_pos_order_header
[0m14:42:55.568890 [debug] [Thread-9 (]: Began running node model.demo.lnd_tb_raw_pos_truck
[0m14:42:55.569583 [info ] [Thread-3 (]: 2 of 11 START sql view model staging.lnd_tb_raw_pos_country .................... [RUN]
[0m14:42:55.570214 [info ] [Thread-4 (]: 3 of 11 START sql view model staging.lnd_tb_raw_pos_franchise .................. [RUN]
[0m14:42:55.570846 [info ] [Thread-5 (]: 4 of 11 START sql view model staging.lnd_tb_raw_pos_location ................... [RUN]
[0m14:42:55.571528 [info ] [Thread-6 (]: 5 of 11 START sql view model staging.lnd_tb_raw_pos_menu ....................... [RUN]
[0m14:42:55.572196 [info ] [Thread-7 (]: 6 of 11 START sql view model staging.lnd_tb_raw_pos_order_detail ............... [RUN]
[0m14:42:55.572848 [debug] [Thread-2 (]: Re-using an available connection from the pool (formerly list_ddw_edw, now model.demo.lnd_tb_raw_customer_customer_loyalty)
[0m14:42:55.573528 [info ] [Thread-8 (]: 7 of 11 START sql view model staging.lnd_tb_raw_pos_order_header ............... [RUN]
[0m14:42:55.574174 [info ] [Thread-9 (]: 8 of 11 START sql view model staging.lnd_tb_raw_pos_truck ...................... [RUN]
[0m14:42:55.574759 [debug] [Thread-3 (]: Re-using an available connection from the pool (formerly list_ddw_staging, now model.demo.lnd_tb_raw_pos_country)
[0m14:42:55.575376 [debug] [Thread-4 (]: Acquiring new snowflake connection 'model.demo.lnd_tb_raw_pos_franchise'
[0m14:42:55.575995 [debug] [Thread-5 (]: Acquiring new snowflake connection 'model.demo.lnd_tb_raw_pos_location'
[0m14:42:55.576571 [debug] [Thread-6 (]: Acquiring new snowflake connection 'model.demo.lnd_tb_raw_pos_menu'
[0m14:42:55.577135 [debug] [Thread-7 (]: Acquiring new snowflake connection 'model.demo.lnd_tb_raw_pos_order_detail'
[0m14:42:55.577695 [debug] [Thread-2 (]: Began compiling node model.demo.lnd_tb_raw_customer_customer_loyalty
[0m14:42:55.578286 [debug] [Thread-8 (]: Acquiring new snowflake connection 'model.demo.lnd_tb_raw_pos_order_header'
[0m14:42:55.578878 [debug] [Thread-9 (]: Acquiring new snowflake connection 'model.demo.lnd_tb_raw_pos_truck'
[0m14:42:55.579402 [debug] [Thread-3 (]: Began compiling node model.demo.lnd_tb_raw_pos_country
[0m14:42:55.579903 [debug] [Thread-4 (]: Began compiling node model.demo.lnd_tb_raw_pos_franchise
[0m14:42:55.580401 [debug] [Thread-5 (]: Began compiling node model.demo.lnd_tb_raw_pos_location
[0m14:42:55.580888 [debug] [Thread-6 (]: Began compiling node model.demo.lnd_tb_raw_pos_menu
[0m14:42:55.581409 [debug] [Thread-7 (]: Began compiling node model.demo.lnd_tb_raw_pos_order_detail
[0m14:42:55.590099 [debug] [Thread-2 (]: Writing injected SQL for node "model.demo.lnd_tb_raw_customer_customer_loyalty"
[0m14:42:55.590717 [debug] [Thread-8 (]: Began compiling node model.demo.lnd_tb_raw_pos_order_header
[0m14:42:55.591235 [debug] [Thread-9 (]: Began compiling node model.demo.lnd_tb_raw_pos_truck
[0m14:42:55.595451 [debug] [Thread-3 (]: Writing injected SQL for node "model.demo.lnd_tb_raw_pos_country"
[0m14:42:55.599772 [debug] [Thread-4 (]: Writing injected SQL for node "model.demo.lnd_tb_raw_pos_franchise"
[0m14:42:55.605352 [debug] [Thread-5 (]: Writing injected SQL for node "model.demo.lnd_tb_raw_pos_location"
[0m14:42:55.609567 [debug] [Thread-6 (]: Writing injected SQL for node "model.demo.lnd_tb_raw_pos_menu"
[0m14:42:55.613763 [debug] [Thread-7 (]: Writing injected SQL for node "model.demo.lnd_tb_raw_pos_order_detail"
[0m14:42:55.618234 [debug] [Thread-8 (]: Writing injected SQL for node "model.demo.lnd_tb_raw_pos_order_header"
[0m14:42:55.618763 [debug] [Thread-2 (]: Began executing node model.demo.lnd_tb_raw_customer_customer_loyalty
[0m14:42:55.622995 [debug] [Thread-9 (]: Writing injected SQL for node "model.demo.lnd_tb_raw_pos_truck"
[0m14:42:55.623852 [debug] [Thread-3 (]: Began executing node model.demo.lnd_tb_raw_pos_country
[0m14:42:55.624926 [debug] [Thread-4 (]: Began executing node model.demo.lnd_tb_raw_pos_franchise
[0m14:42:55.625798 [debug] [Thread-5 (]: Began executing node model.demo.lnd_tb_raw_pos_location
[0m14:42:55.626625 [debug] [Thread-6 (]: Began executing node model.demo.lnd_tb_raw_pos_menu
[0m14:42:55.627371 [debug] [Thread-7 (]: Began executing node model.demo.lnd_tb_raw_pos_order_detail
[0m14:42:55.644251 [debug] [Thread-8 (]: Began executing node model.demo.lnd_tb_raw_pos_order_header
[0m14:42:55.668157 [debug] [Thread-2 (]: Writing runtime sql for node "model.demo.lnd_tb_raw_customer_customer_loyalty"
[0m14:42:55.672364 [debug] [Thread-3 (]: Writing runtime sql for node "model.demo.lnd_tb_raw_pos_country"
[0m14:42:55.672937 [debug] [Thread-9 (]: Began executing node model.demo.lnd_tb_raw_pos_truck
[0m14:42:55.676833 [debug] [Thread-4 (]: Writing runtime sql for node "model.demo.lnd_tb_raw_pos_franchise"
[0m14:42:55.681696 [debug] [Thread-5 (]: Writing runtime sql for node "model.demo.lnd_tb_raw_pos_location"
[0m14:42:55.685873 [debug] [Thread-6 (]: Writing runtime sql for node "model.demo.lnd_tb_raw_pos_menu"
[0m14:42:55.689941 [debug] [Thread-7 (]: Writing runtime sql for node "model.demo.lnd_tb_raw_pos_order_detail"
[0m14:42:55.693941 [debug] [Thread-8 (]: Writing runtime sql for node "model.demo.lnd_tb_raw_pos_order_header"
[0m14:42:55.695169 [debug] [Thread-2 (]: Using snowflake connection "model.demo.lnd_tb_raw_customer_customer_loyalty"
[0m14:42:55.759131 [debug] [Thread-9 (]: Writing runtime sql for node "model.demo.lnd_tb_raw_pos_truck"
[0m14:42:55.760004 [debug] [Thread-3 (]: Using snowflake connection "model.demo.lnd_tb_raw_pos_country"
[0m14:42:55.761275 [debug] [Thread-4 (]: Using snowflake connection "model.demo.lnd_tb_raw_pos_franchise"
[0m14:42:55.762300 [debug] [Thread-5 (]: Using snowflake connection "model.demo.lnd_tb_raw_pos_location"
[0m14:42:55.763290 [debug] [Thread-6 (]: Using snowflake connection "model.demo.lnd_tb_raw_pos_menu"
[0m14:42:55.764298 [debug] [Thread-7 (]: Using snowflake connection "model.demo.lnd_tb_raw_pos_order_detail"
[0m14:42:55.764868 [debug] [Thread-2 (]: On model.demo.lnd_tb_raw_customer_customer_loyalty: /* {"app": "dbt", "dbt_version": "1.9.4", "profile_name": "demo", "target_name": "dw", "node_id": "model.demo.lnd_tb_raw_customer_customer_loyalty"} */
create or replace   view ddw.staging.lnd_tb_raw_customer_customer_loyalty
  
   as (
    select *
from dl_le_tasty_bytes.RAW.CUSTOMER_LOYALTY
  );
[0m14:42:55.765710 [debug] [Thread-8 (]: Using snowflake connection "model.demo.lnd_tb_raw_pos_order_header"
[0m14:42:55.766462 [debug] [Thread-3 (]: On model.demo.lnd_tb_raw_pos_country: /* {"app": "dbt", "dbt_version": "1.9.4", "profile_name": "demo", "target_name": "dw", "node_id": "model.demo.lnd_tb_raw_pos_country"} */
create or replace   view ddw.staging.lnd_tb_raw_pos_country
  
   as (
    SELECT *
FROM dl_le_tasty_bytes.RAW.COUNTRY
  );
[0m14:42:55.767267 [debug] [Thread-9 (]: Using snowflake connection "model.demo.lnd_tb_raw_pos_truck"
[0m14:42:55.767797 [debug] [Thread-4 (]: On model.demo.lnd_tb_raw_pos_franchise: /* {"app": "dbt", "dbt_version": "1.9.4", "profile_name": "demo", "target_name": "dw", "node_id": "model.demo.lnd_tb_raw_pos_franchise"} */
create or replace   view ddw.staging.lnd_tb_raw_pos_franchise
  
   as (
    SELECT *
FROM dl_le_tasty_bytes.RAW.FRANCHISE
  );
[0m14:42:55.768336 [debug] [Thread-5 (]: On model.demo.lnd_tb_raw_pos_location: /* {"app": "dbt", "dbt_version": "1.9.4", "profile_name": "demo", "target_name": "dw", "node_id": "model.demo.lnd_tb_raw_pos_location"} */
create or replace   view ddw.staging.lnd_tb_raw_pos_location
  
   as (
    SELECT *
FROM dl_le_tasty_bytes.RAW.LOCATION
  );
[0m14:42:55.768852 [debug] [Thread-6 (]: On model.demo.lnd_tb_raw_pos_menu: /* {"app": "dbt", "dbt_version": "1.9.4", "profile_name": "demo", "target_name": "dw", "node_id": "model.demo.lnd_tb_raw_pos_menu"} */
create or replace   view ddw.staging.lnd_tb_raw_pos_menu
  
   as (
    SELECT *
FROM dl_le_tasty_bytes.RAW.MENU
  );
[0m14:42:55.769455 [debug] [Thread-7 (]: On model.demo.lnd_tb_raw_pos_order_detail: /* {"app": "dbt", "dbt_version": "1.9.4", "profile_name": "demo", "target_name": "dw", "node_id": "model.demo.lnd_tb_raw_pos_order_detail"} */
create or replace   view ddw.staging.lnd_tb_raw_pos_order_detail
  
   as (
    SELECT *
FROM dl_le_tasty_bytes.RAW.ORDER_DETAIL
  );
[0m14:42:55.770024 [debug] [Thread-2 (]: Opening a new connection, currently in state init
[0m14:42:55.770591 [debug] [Thread-8 (]: On model.demo.lnd_tb_raw_pos_order_header: /* {"app": "dbt", "dbt_version": "1.9.4", "profile_name": "demo", "target_name": "dw", "node_id": "model.demo.lnd_tb_raw_pos_order_header"} */
create or replace   view ddw.staging.lnd_tb_raw_pos_order_header
  
   as (
    SELECT *
FROM dl_le_tasty_bytes.RAW.ORDER_HEADER
  );
[0m14:42:55.771122 [debug] [Thread-3 (]: Opening a new connection, currently in state init
[0m14:42:55.771664 [debug] [Thread-9 (]: On model.demo.lnd_tb_raw_pos_truck: /* {"app": "dbt", "dbt_version": "1.9.4", "profile_name": "demo", "target_name": "dw", "node_id": "model.demo.lnd_tb_raw_pos_truck"} */
create or replace   view ddw.staging.lnd_tb_raw_pos_truck
  
   as (
    SELECT *
FROM dl_le_tasty_bytes.RAW.TRUCK
  );
[0m14:42:55.772168 [debug] [Thread-4 (]: Opening a new connection, currently in state init
[0m14:42:55.772633 [debug] [Thread-5 (]: Opening a new connection, currently in state init
[0m14:42:55.773125 [debug] [Thread-6 (]: Opening a new connection, currently in state init
[0m14:42:55.773728 [debug] [Thread-7 (]: Opening a new connection, currently in state init
[0m14:42:55.774354 [debug] [Thread-8 (]: Opening a new connection, currently in state init
[0m14:42:55.775085 [debug] [Thread-9 (]: Opening a new connection, currently in state init
[0m14:42:56.610940 [debug] [Thread-9 (]: SQL status: SUCCESS 1 in 0.836 seconds
[0m14:42:56.611687 [debug] [Thread-5 (]: SQL status: SUCCESS 1 in 0.839 seconds
[0m14:42:56.623412 [debug] [Thread-6 (]: SQL status: SUCCESS 1 in 0.850 seconds
[0m14:42:56.629744 [debug] [Thread-3 (]: SQL status: SUCCESS 1 in 0.859 seconds
[0m14:42:56.630661 [debug] [Thread-7 (]: SQL status: SUCCESS 1 in 0.857 seconds
[0m14:42:56.636086 [debug] [Thread-4 (]: SQL status: SUCCESS 1 in 0.864 seconds
[0m14:42:56.644794 [info ] [Thread-9 (]: 8 of 11 OK created sql view model staging.lnd_tb_raw_pos_truck ................. [[32mSUCCESS 1[0m in 1.06s]
[0m14:42:56.645594 [info ] [Thread-5 (]: 4 of 11 OK created sql view model staging.lnd_tb_raw_pos_location .............. [[32mSUCCESS 1[0m in 1.06s]
[0m14:42:56.646284 [info ] [Thread-6 (]: 5 of 11 OK created sql view model staging.lnd_tb_raw_pos_menu .................. [[32mSUCCESS 1[0m in 1.06s]
[0m14:42:56.646953 [info ] [Thread-3 (]: 2 of 11 OK created sql view model staging.lnd_tb_raw_pos_country ............... [[32mSUCCESS 1[0m in 1.07s]
[0m14:42:56.647629 [info ] [Thread-7 (]: 6 of 11 OK created sql view model staging.lnd_tb_raw_pos_order_detail .......... [[32mSUCCESS 1[0m in 1.07s]
[0m14:42:56.649819 [info ] [Thread-4 (]: 3 of 11 OK created sql view model staging.lnd_tb_raw_pos_franchise ............. [[32mSUCCESS 1[0m in 1.07s]
[0m14:42:56.650553 [debug] [Thread-9 (]: Finished running node model.demo.lnd_tb_raw_pos_truck
[0m14:42:56.651206 [debug] [Thread-5 (]: Finished running node model.demo.lnd_tb_raw_pos_location
[0m14:42:56.651831 [debug] [Thread-6 (]: Finished running node model.demo.lnd_tb_raw_pos_menu
[0m14:42:56.652456 [debug] [Thread-3 (]: Finished running node model.demo.lnd_tb_raw_pos_country
[0m14:42:56.653078 [debug] [Thread-7 (]: Finished running node model.demo.lnd_tb_raw_pos_order_detail
[0m14:42:56.653740 [debug] [Thread-4 (]: Finished running node model.demo.lnd_tb_raw_pos_franchise
[0m14:42:56.669958 [debug] [Thread-2 (]: SQL status: SUCCESS 1 in 0.900 seconds
[0m14:42:56.672138 [info ] [Thread-2 (]: 1 of 11 OK created sql view model staging.lnd_tb_raw_customer_customer_loyalty . [[32mSUCCESS 1[0m in 1.10s]
[0m14:42:56.672849 [debug] [Thread-2 (]: Finished running node model.demo.lnd_tb_raw_customer_customer_loyalty
[0m14:42:56.702117 [debug] [Thread-8 (]: SQL status: SUCCESS 1 in 0.928 seconds
[0m14:42:56.704546 [info ] [Thread-8 (]: 7 of 11 OK created sql view model staging.lnd_tb_raw_pos_order_header .......... [[32mSUCCESS 1[0m in 1.13s]
[0m14:42:56.705257 [debug] [Thread-8 (]: Finished running node model.demo.lnd_tb_raw_pos_order_header
[0m14:42:56.706469 [debug] [Thread-11 ]: Began running node model.demo.customer_loyalty_metrics
[0m14:42:56.707027 [debug] [Thread-12 ]: Began running node model.demo.orders
[0m14:42:56.707670 [debug] [Thread-13 ]: Began running node model.demo.sales_metrics_by_location
[0m14:42:56.708449 [info ] [Thread-11 ]: 9 of 11 START sql table model edw.customer_loyalty_metrics ..................... [RUN]
[0m14:42:56.709095 [info ] [Thread-12 ]: 10 of 11 START sql table model edw.orders ...................................... [RUN]
[0m14:42:56.709811 [info ] [Thread-13 ]: 11 of 11 START python table model edw.sales_metrics_by_location ................ [RUN]
[0m14:42:56.710514 [debug] [Thread-11 ]: Acquiring new snowflake connection 'model.demo.customer_loyalty_metrics'
[0m14:42:56.711085 [debug] [Thread-12 ]: Acquiring new snowflake connection 'model.demo.orders'
[0m14:42:56.711717 [debug] [Thread-13 ]: Acquiring new snowflake connection 'model.demo.sales_metrics_by_location'
[0m14:42:56.712229 [debug] [Thread-11 ]: Began compiling node model.demo.customer_loyalty_metrics
[0m14:42:56.712761 [debug] [Thread-12 ]: Began compiling node model.demo.orders
[0m14:42:56.713223 [debug] [Thread-13 ]: Began compiling node model.demo.sales_metrics_by_location
[0m14:42:56.718557 [debug] [Thread-11 ]: Writing injected SQL for node "model.demo.customer_loyalty_metrics"
[0m14:42:56.725869 [debug] [Thread-12 ]: Writing injected SQL for node "model.demo.orders"
[0m14:42:56.749673 [debug] [Thread-13 ]: Writing injected SQL for node "model.demo.sales_metrics_by_location"
[0m14:42:56.750692 [debug] [Thread-11 ]: Began executing node model.demo.customer_loyalty_metrics
[0m14:42:56.751566 [debug] [Thread-12 ]: Began executing node model.demo.orders
[0m14:42:56.774063 [debug] [Thread-13 ]: Began executing node model.demo.sales_metrics_by_location
[0m14:42:56.776759 [debug] [Thread-11 ]: Writing runtime sql for node "model.demo.customer_loyalty_metrics"
[0m14:42:56.780775 [debug] [Thread-12 ]: Writing runtime sql for node "model.demo.orders"
[0m14:42:56.788048 [debug] [Thread-13 ]: Writing runtime python for node "model.demo.sales_metrics_by_location"
[0m14:42:56.789810 [debug] [Thread-11 ]: Using snowflake connection "model.demo.customer_loyalty_metrics"
[0m14:42:56.792027 [debug] [Thread-12 ]: Using snowflake connection "model.demo.orders"
[0m14:42:56.792717 [debug] [Thread-11 ]: On model.demo.customer_loyalty_metrics: /* {"app": "dbt", "dbt_version": "1.9.4", "profile_name": "demo", "target_name": "dw", "node_id": "model.demo.customer_loyalty_metrics"} */
create or replace transient table ddw.edw.customer_loyalty_metrics
         as
        (SELECT 
    cl.customer_id,
    cl.city,
    cl.country,
    cl.first_name,
    cl.last_name,
    cl.phone_number,
    cl.e_mail,
    SUM(oh.order_total) AS total_sales,
    ARRAY_AGG(DISTINCT oh.location_id) AS visited_location_ids_array
FROM ddw.staging.lnd_tb_raw_customer_customer_loyalty cl
JOIN ddw.staging.lnd_tb_raw_pos_order_header oh
ON cl.customer_id = oh.customer_id
GROUP BY cl.customer_id, cl.city, cl.country, cl.first_name,
cl.last_name, cl.phone_number, cl.e_mail
        );
[0m14:42:56.795151 [debug] [Thread-13 ]: Using snowflake connection "model.demo.sales_metrics_by_location"
[0m14:42:56.795779 [debug] [Thread-12 ]: On model.demo.orders: /* {"app": "dbt", "dbt_version": "1.9.4", "profile_name": "demo", "target_name": "dw", "node_id": "model.demo.orders"} */
create or replace transient table ddw.edw.orders
         as
        (SELECT 
    oh.order_id,
    oh.truck_id,
    oh.order_ts,
    od.order_detail_id,
    od.line_number,
    m.truck_brand_name,
    m.menu_type,
    t.primary_city,
    t.region,
    t.country,
    t.franchise_flag,
    t.franchise_id,
    f.first_name AS franchisee_first_name,
    f.last_name AS franchisee_last_name,
    l.location_id,
    cl.customer_id,
    cl.first_name,
    cl.last_name,
    cl.e_mail,
    cl.phone_number,
    cl.children_count,
    cl.gender,
    cl.marital_status,
    od.menu_item_id,
    m.menu_item_name,
    od.quantity,
    od.unit_price,
    od.price,
    oh.order_amount,
    oh.order_tax_amount,
    oh.order_discount_amount,
    oh.order_total
FROM ddw.staging.lnd_tb_raw_pos_order_detail od
JOIN ddw.staging.lnd_tb_raw_pos_order_header oh
    ON od.order_id = oh.order_id
JOIN ddw.staging.lnd_tb_raw_pos_truck t
    ON oh.truck_id = t.truck_id
JOIN ddw.staging.lnd_tb_raw_pos_menu m
    ON od.menu_item_id = m.menu_item_id
JOIN ddw.staging.lnd_tb_raw_pos_franchise f
    ON t.franchise_id = f.franchise_id
JOIN ddw.staging.lnd_tb_raw_pos_location l
    ON oh.location_id = l.location_id
LEFT JOIN ddw.staging.lnd_tb_raw_customer_customer_loyalty cl
    ON oh.customer_id = cl.customer_id
        );
[0m14:42:56.796372 [debug] [Thread-11 ]: Opening a new connection, currently in state init
[0m14:42:56.797222 [debug] [Thread-13 ]: On model.demo.sales_metrics_by_location: /* {"app": "dbt", "dbt_version": "1.9.4", "profile_name": "demo", "target_name": "dw", "node_id": "model.demo.sales_metrics_by_location"} */
WITH sales_metrics_by_location__dbt_sp AS PROCEDURE ()

RETURNS STRING
LANGUAGE PYTHON
RUNTIME_VERSION = '3.9'
PACKAGES = ('snowflake-snowpark-python')



HANDLER = 'main'
EXECUTE AS CALLER
AS
$$



  
    
    
from snowflake.snowpark.functions import col, lit, concat, count, sum as sum_, coalesce

def model(dbt, session):
    """
    This model demonstrates basic Snowpark transformations using dbt Python models.
    It joins location data with trucks and aggregates metrics by location.
    Uses raw_pos models as sources instead of tb_101 directly.
    """
    # Get tables using dbt's ref function to reference the raw_pos models
    locations_df = dbt.ref('lnd_tb_raw_pos_location')
    trucks_df = dbt.ref('lnd_tb_raw_pos_truck')
    orders_df = dbt.ref('lnd_tb_raw_pos_order_header')
    
    # Join locations with trucks to get truck counts by location
    location_trucks = (
        trucks_df
        .join(
            locations_df, 
            trucks_df["PRIMARY_CITY"] == locations_df["CITY"], 
            "inner"
        )
        # Use simple column names and case-insensitive approach
        .select(
            locations_df["LOCATION_ID"],
            locations_df["LOCATION"],
            locations_df["CITY"],
            trucks_df["TRUCK_ID"]
        )
        .groupBy("LOCATION_ID", "LOCATION", "CITY")
        .agg(count("TRUCK_ID").alias("TRUCK_COUNT"))
    )
    
    # Join with order data to get sales metrics
    location_metrics = (
        orders_df
        .join(locations_df, "LOCATION_ID", "inner")
        .groupBy("LOCATION_ID")
        .agg(
            sum_("ORDER_TOTAL").alias("TOTAL_SALES"),
            sum_("ORDER_AMOUNT").alias("TOTAL_AMOUNT"),
            sum_("ORDER_TAX_AMOUNT").alias("TOTAL_TAX")
        )
    )
    
    # Create a more simplified final version
    joined_df = location_trucks.join(location_metrics, "LOCATION_ID", "left")
    
    # Add the calculated columns after join to avoid column reference issues
    final_df = (
        joined_df
        .select(
            col("LOCATION_ID"),
            col("LOCATION"),
            col("CITY"),
            col("TRUCK_COUNT"),
            # Use coalesce instead of fillna for Column objects
            coalesce(col("TOTAL_SALES"), lit(0)).alias("TOTAL_SALES"),
            coalesce(col("TOTAL_AMOUNT"), lit(0)).alias("TOTAL_AMOUNT"),
            coalesce(col("TOTAL_TAX"), lit(0)).alias("TOTAL_TAX")
        )
    )
    
    # Add the full location description as a separate step
    final_with_desc = (
        final_df
        .withColumn(
            "LOCATION_DESCRIPTION", 
            concat(
                col("CITY"), 
                lit(" (Trucks: "), 
                col("TRUCK_COUNT").cast("string"), 
                lit(")")
            )
        )
    )
    
    # Return the final dataframe
    return final_with_desc


# This part is user provided model code
# you will need to copy the next section to run the code
# COMMAND ----------
# this part is dbt logic for get ref work, do not modify

def ref(*args, **kwargs):
    refs = {"lnd_tb_raw_pos_location": "ddw.staging.lnd_tb_raw_pos_location", "lnd_tb_raw_pos_order_header": "ddw.staging.lnd_tb_raw_pos_order_header", "lnd_tb_raw_pos_truck": "ddw.staging.lnd_tb_raw_pos_truck"}
    key = '.'.join(args)
    version = kwargs.get("v") or kwargs.get("version")
    if version:
        key += f".v{version}"
    dbt_load_df_function = kwargs.get("dbt_load_df_function")
    return dbt_load_df_function(refs[key])


def source(*args, dbt_load_df_function):
    sources = {}
    key = '.'.join(args)
    return dbt_load_df_function(sources[key])


config_dict = {}


class config:
    def __init__(self, *args, **kwargs):
        pass

    @staticmethod
    def get(key, default=None):
        return config_dict.get(key, default)

class this:
    """dbt.this() or dbt.this.identifier"""
    database = "ddw"
    schema = "edw"
    identifier = "sales_metrics_by_location"
    
    def __repr__(self):
        return 'ddw.edw.sales_metrics_by_location'


class dbtObj:
    def __init__(self, load_df_function) -> None:
        self.source = lambda *args: source(*args, dbt_load_df_function=load_df_function)
        self.ref = lambda *args, **kwargs: ref(*args, **kwargs, dbt_load_df_function=load_df_function)
        self.config = config
        self.this = this()
        self.is_incremental = False

# COMMAND ----------



def materialize(session, df, target_relation):
    # make sure pandas exists
    import importlib.util
    package_name = 'pandas'
    if importlib.util.find_spec(package_name):
        import pandas
        if isinstance(df, pandas.core.frame.DataFrame):
          session.use_database(target_relation.database)
          session.use_schema(target_relation.schema)
          # session.write_pandas does not have overwrite function
          df = session.createDataFrame(df)
    
    df.write.mode("overwrite").save_as_table('ddw.edw.sales_metrics_by_location', table_type='transient')

def main(session):
    dbt = dbtObj(session.table)
    df = model(dbt, session)
    materialize(session, df, dbt.this)
    return "OK"

  
$$
CALL sales_metrics_by_location__dbt_sp();
[0m14:42:56.797953 [debug] [Thread-12 ]: Opening a new connection, currently in state init
[0m14:42:56.798618 [debug] [Thread-13 ]: Opening a new connection, currently in state init
[0m14:43:00.799934 [debug] [Thread-11 ]: SQL status: SUCCESS 1 in 4.003 seconds
[0m14:43:00.806115 [info ] [Thread-11 ]: 9 of 11 OK created sql table model edw.customer_loyalty_metrics ................ [[32mSUCCESS 1[0m in 4.10s]
[0m14:43:00.807089 [debug] [Thread-11 ]: Finished running node model.demo.customer_loyalty_metrics
[0m14:43:06.876573 [debug] [Thread-13 ]: SQL status: SUCCESS 1 in 10.076 seconds
[0m14:43:06.884411 [info ] [Thread-13 ]: 11 of 11 OK created python table model edw.sales_metrics_by_location ........... [[32mSUCCESS 1[0m in 10.17s]
[0m14:43:06.885250 [debug] [Thread-13 ]: Finished running node model.demo.sales_metrics_by_location
[0m14:43:22.923276 [debug] [Thread-12 ]: SQL status: SUCCESS 1 in 26.125 seconds
[0m14:43:22.925860 [info ] [Thread-12 ]: 10 of 11 OK created sql table model edw.orders ................................. [[32mSUCCESS 1[0m in 26.21s]
[0m14:43:22.926605 [debug] [Thread-12 ]: Finished running node model.demo.orders
[0m14:43:22.932822 [debug] [Dummy-1   ]: Connection 'master' was properly closed.
[0m14:43:22.933734 [debug] [Dummy-1   ]: Connection 'model.demo.lnd_tb_raw_pos_country' was properly closed.
[0m14:43:22.934339 [debug] [Dummy-1   ]: Connection 'model.demo.lnd_tb_raw_customer_customer_loyalty' was properly closed.
[0m14:43:22.934765 [debug] [Dummy-1   ]: Connection 'model.demo.lnd_tb_raw_pos_franchise' was properly closed.
[0m14:43:22.935159 [debug] [Dummy-1   ]: Connection 'model.demo.lnd_tb_raw_pos_location' was properly closed.
[0m14:43:22.935548 [debug] [Dummy-1   ]: Connection 'model.demo.lnd_tb_raw_pos_menu' was properly closed.
[0m14:43:22.935925 [debug] [Dummy-1   ]: Connection 'model.demo.lnd_tb_raw_pos_order_detail' was properly closed.
[0m14:43:22.936304 [debug] [Dummy-1   ]: Connection 'model.demo.lnd_tb_raw_pos_order_header' was properly closed.
[0m14:43:22.936696 [debug] [Dummy-1   ]: Connection 'model.demo.lnd_tb_raw_pos_truck' was properly closed.
[0m14:43:22.937083 [debug] [Dummy-1   ]: Connection 'model.demo.customer_loyalty_metrics' was properly closed.
[0m14:43:22.937561 [debug] [Dummy-1   ]: Connection 'model.demo.orders' was properly closed.
[0m14:43:22.937968 [debug] [Dummy-1   ]: Connection 'model.demo.sales_metrics_by_location' was properly closed.
[0m14:43:22.938515 [info ] [Dummy-1   ]: 
[0m14:43:22.938964 [info ] [Dummy-1   ]: Finished running 3 table models, 8 view models in 0 hours 0 minutes and 29.54 seconds (29.54s).
[0m14:43:22.940776 [debug] [Dummy-1   ]: Command end result
[0m14:43:22.979329 [debug] [Dummy-1   ]: Wrote artifact WritableManifest to /tmp/dbt/target/manifest.json
[0m14:43:22.981487 [debug] [Dummy-1   ]: Wrote artifact SemanticManifest to /tmp/dbt/target/semantic_manifest.json
[0m14:43:22.987653 [debug] [Dummy-1   ]: Wrote artifact RunExecutionResult to /tmp/dbt/target/run_results.json
[0m14:43:22.988111 [info ] [Dummy-1   ]: 
[0m14:43:22.988682 [info ] [Dummy-1   ]: [32mCompleted successfully[0m
[0m14:43:22.989140 [info ] [Dummy-1   ]: 
[0m14:43:22.989702 [info ] [Dummy-1   ]: Done. PASS=11 WARN=0 ERROR=0 SKIP=0 TOTAL=11
[0m14:43:22.991356 [debug] [Dummy-1   ]: Resource report: {"command_name": "run", "command_success": true, "command_wall_clock_time": 31.021141, "process_in_blocks": "0", "process_kernel_time": 0.99, "process_mem_max_rss": "535712", "process_out_blocks": "0", "process_user_time": 4.84}
[0m14:43:22.992024 [debug] [Dummy-1   ]: Command `cli run` succeeded at 14:43:22.991750 after 31.02 seconds
[0m14:43:22.992547 [debug] [Dummy-1   ]: Flushing usage events
